identifier,formula_published,cas,gwp100,lifetime_years,log10_gwp100,source,source_table_ref,raw_smiles,via,canonical_smiles,isomeric_smiles,inchikey,rdkit_formula,rdkit_mw,cluster_id,log10_lifetime
HG'-02,CH3O(CF2CF2O)2CH3,,240.0,1.7,2.380211241711606,Hodnebrog_2020,RoG_2020_Table_5,COC(C(OC(C(OC)(F)F)(F)F)(F)F)(F)F,pubchem_name,COC(F)(F)C(F)(F)OC(F)(F)C(F)(F)OC,COC(F)(F)C(F)(F)OC(F)(F)C(F)(F)OC,SOTHGFWOXYVWFW-UHFFFAOYSA-N,C6H6F8O3,278.018919812,5,0.2304489213782739
PFC-41-12,n‐C5F12,678-26-2,9780.0,410.0,3.9903388547876015,Hodnebrog_2020,RoG_2020_Table_3,FC(F)(F)C(F)(F)C(F)(F)C(F)(F)C(F)(F)F,override_by_cas,FC(F)(F)C(F)(F)C(F)(F)C(F)(F)C(F)(F)F,FC(F)(F)C(F)(F)C(F)(F)C(F)(F)C(F)(F)F,NJCBUSHGCBERSK-UHFFFAOYSA-N,C5F12,287.98083864,0,2.6127838567197355
HFE-7600 (Novec 1230 alt),C9H5F15O,297730-93-9,13.0,0.22,1.1139433523068367,Hodnebrog_2020,RoG_2020_T2,CCC(OC)(C(F)(F)F)C(F)(F)C(F)(F)C(F)(F)F,override_by_cas,CCC(OC)(C(F)(F)F)C(F)(F)C(F)(F)C(F)(F)F,CCC(OC)(C(F)(F)F)C(F)(F)C(F)(F)C(F)(F)F,UUOFQMKXGKKPKW-UHFFFAOYSA-N,C8H8F10O,310.04154707600003,206,-0.6575773191777937
Octafluoro-1-butene,CF3CF2CF=CF2,357-26-6,0.5,0.0164271047227926,-0.3010299956639812,Hodnebrog_2020,RoG_2020_Table_5,C(=C(F)F)(C(C(F)(F)F)(F)F)F,pubchem_cas,FC(F)=C(F)C(F)(F)C(F)(F)F,FC(F)=C(F)C(F)(F)C(F)(F)F,ZVJOQYFQSQJDDX-UHFFFAOYSA-N,C4F8,199.98722576,205,-1.784438974222691
PFC-218,C3F8,76-19-7,9850.0,260.0,3.993436230497612,Hodnebrog_2020,RoG_2020_Table_3,FC(F)(F)C(F)(F)C(F)(F)F,override_by_cas,FC(F)(F)C(F)(F)C(F)(F)F,FC(F)(F)C(F)(F)C(F)(F)F,QYSGYZVSCZSLHT-UHFFFAOYSA-N,C3F8,187.98722576,0,2.4149733479708178
PFC-C-318,c‐C4F8,115-25-3,10800.0,320.0,4.033423755486949,Hodnebrog_2020,RoG_2020_Table_3,FC1(F)C(F)(F)C(F)(F)C1(F)F,override_by_cas,FC1(F)C(F)(F)C(F)(F)C1(F)F,FC1(F)C(F)(F)C(F)(F)C1(F)F,BCCOBQSFUDVTJQ-UHFFFAOYSA-N,C4F8,199.98722576,12,2.505149978319906
PFC-31-10,n‐C4F10,355-25-9,10600.0,260.0,4.02530586526477,Hodnebrog_2020,RoG_2020_Table_3,FC(F)(F)C(F)(F)C(F)(F)C(F)(F)F,override_by_cas,FC(F)(F)C(F)(F)C(F)(F)C(F)(F)F,FC(F)(F)C(F)(F)C(F)(F)C(F)(F)F,KAVGMUDTWQVPDF-UHFFFAOYSA-N,C4F10,237.9840322,0,2.4149733479708178
PFC-51-14,n‐C6F14,355-42-0,9140.0,310.0,3.960946195733831,Hodnebrog_2020,RoG_2020_Table_3,FC(F)(F)C(F)(F)C(F)(F)C(F)(F)C(F)(F)C(F)(F)F,override_by_cas,FC(F)(F)C(F)(F)C(F)(F)C(F)(F)C(F)(F)C(F)(F)F,FC(F)(F)C(F)(F)C(F)(F)C(F)(F)C(F)(F)C(F)(F)F,ZJIJAJXFLBMLCK-UHFFFAOYSA-N,C6F14,337.97764508,0,2.4913616938342726
PFC-61-16,n‐C7F16,335-57-9,8920.0,300.0,3.950364854376123,Hodnebrog_2020,RoG_2020_Table_3,C(C(C(C(F)(F)F)(F)F)(F)F)(C(C(C(F)(F)F)(F)F)(F)F)(F)F,pubchem_cas,FC(F)(F)C(F)(F)C(F)(F)C(F)(F)C(F)(F)C(F)(F)C(F)(F)F,FC(F)(F)C(F)(F)C(F)(F)C(F)(F)C(F)(F)C(F)(F)C(F)(F)F,LGUZHRODIJCVOC-UHFFFAOYSA-N,C7F16,387.97445152,0,2.4771212547196626
(E/Z)-1-chloro-2-fluoro-ethene,(E/Z)‐CHCl=CHF,460-16-2,0.5,0.0049281314168377,-0.3010299956639812,Hodnebrog_2020,RoG_2020_Table_5,C(=C/Cl)\F,pubchem_cas,FC=CCl,F/C=C/Cl,MTKHTBWXSHYCGS-OWOJBTEDSA-N,C2H2ClF,79.982905964,19,-2.3073177195030357
Difluoro (methoxy)methane,CH3OCHF2,359-15-9,143.0,1.1,2.155336037465062,Hodnebrog_2020,RoG_2020_Table_5,COC(F)F,pubchem_cas,COC(F)F,COC(F)F,CGZAMBNIGLUBRY-UHFFFAOYSA-N,C2H4F2O,82.023021188,201,0.04139268515822508
"2-Ethoxy-3,3,4,4,5-pentafluorotetrahydro-2,5-bis[1,2,2,2-tetrafluoro-1-(trifluoromethyl)ethyl]-furan",C12H5F19O2b,920979-28-8,51.0,0.8,1.7075701760979365,Hodnebrog_2020,RoG_2020_Table_5,CCOC1(C(C(C(O1)(C(C(F)(F)F)(C(F)(F)F)F)F)(F)F)(F)F)C(C(F)(F)F)(C(F)(F)F)F,pubchem_cas,CCOC1(C(F)(C(F)(F)F)C(F)(F)F)OC(F)(C(F)(C(F)(F)F)C(F)(F)F)C(F)(F)C1(F)F,CCOC1(C(F)(C(F)(F)F)C(F)(F)F)OC(F)(C(F)(C(F)(F)F)C(F)(F)F)C(F)(F)C1(F)F,HJKBEHRDVJDQLU-UHFFFAOYSA-N,C12H5F19O2,541.9986155800001,200,-0.09691001300805639
HFC-125,CHF2CF3,354-33-6,3940.0,30.0,3.595496221825574,Hodnebrog_2020,RoG_2020_Table_3,FC(F)(F)C(F)F,override_by_cas,FC(F)C(F)(F)F,FC(F)C(F)(F)F,GTLACDSXYULKMZ-UHFFFAOYSA-N,C2HF5,119.999841132,195,1.4771212547196624
HFC-134a,CH2FCF3,811-97-2,1600.0,14.0,3.204119982655925,Hodnebrog_2020,RoG_2020_Table_3,FC(F)(F)CF,override_by_cas,FCC(F)(F)F,FCC(F)(F)F,LVGUZGTVOIAKKC-UHFFFAOYSA-N,C2H2F4,102.009262944,194,1.146128035678238
HFC-152a,CH3CHF2,75-37-6,172.0,1.6,2.2355284469075487,Hodnebrog_2020,RoG_2020_Table_3,CC(F)F,override_by_cas,CC(F)F,CC(F)F,NPNPZTNLOVBDOC-UHFFFAOYSA-N,C2H4F2,66.028106568,193,0.2041199826559248
HFC-227ea,CF3CHFCF3,431-89-0,3800.0,36.0,3.57978359661681,Hodnebrog_2020,RoG_2020_Table_3,C(C(F)(F)F)(C(F)(F)F)F,pubchem_cas,FC(C(F)(F)F)C(F)(F)F,FC(C(F)(F)F)C(F)(F)F,YFMFNYKEUDLDTL-UHFFFAOYSA-N,C3HF7,169.996647572,192,1.5563025007672873
HFC-236fa,CF3CH2CF3,690-39-1,9210.0,213.0,3.964259630196849,Hodnebrog_2020,RoG_2020_Table_3,C(C(F)(F)F)C(F)(F)F,pubchem_cas,FC(F)(F)CC(F)(F)F,FC(F)(F)CC(F)(F)F,NSGXIBWMJZWTPY-UHFFFAOYSA-N,C3H2F6,152.006069384,191,2.3283796034387376
HFC-245fa,CHF2CH2CF3,460-73-1,1010.0,7.9,3.004321373782642,Hodnebrog_2020,RoG_2020_Table_3,C(C(F)F)C(F)(F)F,pubchem_cas,FC(F)CC(F)(F)F,FC(F)CC(F)(F)F,MSSNHSVIGIHOJA-UHFFFAOYSA-N,C3H3F5,134.015491196,190,0.8976270912904415
HFE-263fb2,C3H5F3O,460-43-5,1.31,0.066,0.1172712956557642,Hodnebrog_2020,RoG_2020_T2,COCC(F)(F)F,pubchem_cas,COCC(F)(F)F,COCC(F)(F)F,OHLVGBXMHDWRRX-UHFFFAOYSA-N,C3H5F3O,114.02924944,189,-1.1804560644581312
HFE-356pcf2,CHF2CH2OCF2CHF2,,872.0,6.0,2.940516484932567,Hodnebrog_2020,RoG_2020_Table_5,C(C(F)F)OC(C(F)F)(F)F,pubchem_name,FC(F)COC(F)(F)C(F)F,FC(F)COC(F)(F)C(F)F,XYUTZEMBPIRNFA-UHFFFAOYSA-N,C4H4F6O,182.016634068,188,0.7781512503836436
HFE-356pcf3,CHF2OCH2CF2CHF2,,508.0,3.5,2.70586371228392,Hodnebrog_2020,RoG_2020_Table_5,C(C(C(F)F)(F)F)OC(F)F,pubchem_name,FC(F)OCC(F)(F)C(F)F,FC(F)OCC(F)(F)C(F)F,PCTQNZRJAGLDPD-UHFFFAOYSA-N,C4H4F6O,182.016634068,187,0.5440680443502757
2-Fluoroethanol,CH2FCH2OH,371-62-0,0.5,0.0438056125941136,-0.3010299956639812,Hodnebrog_2020,RoG_2020_Table_5,C(CF)O,pubchem_cas,OCCF,OCCF,GGDYAKVUZMZKRV-UHFFFAOYSA-N,C2H5FO,64.032443,186,-1.3584702419504098
HG-04,CHF2O(CF2CF2O)4CHF2,173350-38-4,4610.0,26.9,3.663700925389648,Hodnebrog_2020,RoG_2020_Table_5,C(OC(C(OC(C(OC(C(OC(C(OC(F)F)(F)F)(F)F)(F)F)(F)F)(F)F)(F)F)(F)F)(F)F)(F)F,pubchem_cas,FC(F)OC(F)(F)C(F)(F)OC(F)(F)C(F)(F)OC(F)(F)C(F)(F)OC(F)(F)C(F)(F)OC(F)F,FC(F)OC(F)(F)C(F)(F)OC(F)(F)C(F)(F)OC(F)(F)C(F)(F)OC(F)(F)C(F)(F)OC(F)F,DWWJRZATBWAPPZ-UHFFFAOYSA-N,C10H2F20O5,581.9582875640001,1,1.429752280002408
HFE-338mmz1,(CF3)2CHOCHF2,26103-08-2,3200.0,22.3,3.505149978319906,Hodnebrog_2020,RoG_2020_Table_5,C(C(F)(F)F)(C(F)(F)F)OC(F)F,pubchem_cas,FC(F)OC(C(F)(F)F)C(F)(F)F,FC(F)OC(C(F)(F)F)C(F)(F)F,UNIYHTKWMKXESF-UHFFFAOYSA-N,C4H2F8O,217.997790444,184,1.3483048630481607
HFE-374pc2,C4H6F4O,512-51-6,12.5,0.15,1.0969100130080565,Hodnebrog_2020,RoG_2020_T2,CCOC(C(F)F)(F)F,pubchem_cas,CCOC(F)(F)C(F)F,CCOC(F)(F)C(F)F,HBRLMDFVVMYNFH-UHFFFAOYSA-N,C4H6F4O,146.035477692,183,-0.8239087409443188
CFC-114,CClF2CClF2,76-14-2,9990.0,189.0,3.9995654882259823,Hodnebrog_2020,RoG_2020_Table_3,FC(F)(Cl)C(F)(F)Cl,override_by_cas,FC(F)(Cl)C(F)(F)Cl,FC(F)(Cl)C(F)(F)Cl,DDMOUSALMHHKOS-UHFFFAOYSA-N,C2Cl2F4,169.93131824,6,2.2764618041732443
CFC-115,CClF2CF3,76-15-3,10200.0,540.0,4.008600171761918,Hodnebrog_2020,RoG_2020_Table_3,FC(F)(F)C(F)(F)Cl,override_by_cas,FC(F)(F)C(F)(F)Cl,FC(F)(F)C(F)(F)Cl,RFCAUADVODFSLZ-UHFFFAOYSA-N,C2ClF5,153.96086878,6,2.7323937598229686
HCFC-22,CHClF2,75-45-6,2060.0,11.9,3.3138672203691533,Hodnebrog_2020,RoG_2020_Table_3,FC(F)Cl,override_by_cas,FC(F)Cl,FC(F)Cl,VOPWNXZWBYDODV-UHFFFAOYSA-N,CHClF2,85.973484152,20,1.0755469613925308
HFC-23,CHF3,75-46-7,15500.0,228.0,4.190331698170292,Hodnebrog_2020,RoG_2020_Table_3,FC(F)F,override_by_cas,FC(F)F,FC(F)F,XPDWGBQVDMORPB-UHFFFAOYSA-N,CHF3,70.003034692,182,2.357934847000454
HCFE-235da2 (Isoflurane),C3H2ClF5O,26675-46-7,539.0,3.5,2.7315887651867388,Hodnebrog_2020,RoG_2020_T2,C(C(F)(F)F)(OC(F)F)Cl,pubchem_cas,FC(F)OC(Cl)C(F)(F)F,FC(F)OC(Cl)C(F)(F)F,PIWKPBJCKXDKJR-UHFFFAOYSA-N,C3H2ClF5O,183.971433464,181,0.5440680443502757
CFC-12,CCl2F2,75-71-8,11800.0,102.0,4.071882007306125,Hodnebrog_2020,RoG_2020_Table_3,FC(F)(Cl)Cl,override_by_cas,FC(F)(Cl)Cl,FC(F)(Cl)Cl,PXBRQCKWGAHEHS-UHFFFAOYSA-N,CCl2F2,119.9345118,11,2.0086001717619175
Perfluorotripentylamine,C15F33N,338-84-1,9300.0,500.0,3.9684829485539352,Hodnebrog_2020,RoG_2020_T2,FC(F)(F)C(F)(F)C(F)(F)C(F)(F)C(F)(F)N(C(F)(F)C(F)(F)C(F)(F)C(F)(F)C(F)(F)F)C(F)(F)C(F)(F)C(F)(F)C(F)(F)C(F)(F)F,override_by_cas,FC(F)(F)C(F)(F)C(F)(F)C(F)(F)C(F)(F)N(C(F)(F)C(F)(F)C(F)(F)C(F)(F)C(F)(F)F)C(F)(F)C(F)(F)C(F)(F)C(F)(F)C(F)(F)F,FC(F)(F)C(F)(F)C(F)(F)C(F)(F)C(F)(F)N(C(F)(F)C(F)(F)C(F)(F)C(F)(F)C(F)(F)F)C(F)(F)C(F)(F)C(F)(F)C(F)(F)C(F)(F)F,AQZYBQIAUSKCCS-UHFFFAOYSA-N,C15F33N,820.95038026,3,2.6989700043360187
"1,1,1-Trifluoropropan-2-one",CF3C(O)CH3,421-50-1,0.5,0.0139630390143737,-0.3010299956639812,Hodnebrog_2020,RoG_2020_Table_5,CC(=O)C(F)(F)F,pubchem_cas,CC(=O)C(F)(F)F,CC(=O)C(F)(F)F,FHUDAMLDXFJHJE-UHFFFAOYSA-N,C3H3F3O,112.013599376,180,-1.8550200485083985
"1,1,1-Trifluorobutan-2-one",CF3C(O)CH2CH3,381-88-4,0.5,0.0180698151950718,-0.3010299956639812,Hodnebrog_2020,RoG_2020_Table_5,CCC(=O)C(F)(F)F,pubchem_cas,CCC(=O)C(F)(F)F,CCC(=O)C(F)(F)F,QBVHMPFSDVNFAY-UHFFFAOYSA-N,C4H5F3O,126.02924944,179,-1.7430462890644673
2-chloroethyl vinyl ether,ClCH2CH2OCH=CH2,110-75-8,0.5,0.0002737850787132,-0.3010299956639812,Hodnebrog_2020,RoG_2020_Table_5,C=COCCCl,pubchem_cas,C=COCCCl,C=COCCCl,DNJRKFKAFWSXSE-UHFFFAOYSA-N,C4H7ClO,106.018542524,178,-3.5625902246063506
CFC-11,CCl3F,75-69-4,5870.0,52.0,3.7686381012476144,Hodnebrog_2020,RoG_2020_Table_3,FC(Cl)(Cl)Cl,override_by_cas,FC(Cl)(Cl)Cl,FC(Cl)(Cl)Cl,CYRMSUTZVYGINF-UHFFFAOYSA-N,CCl3F,135.90496126,11,1.7160033436347992
HG-01,C4H6F4O2,73287-23-7,222.0,3.4,2.346352974450639,Hodnebrog_2020,RoG_2020_T2,COC(C(OC)(F)F)(F)F,pubchem_cas,COC(F)(F)C(F)(F)OC,COC(F)(F)C(F)(F)OC,YUVROHVXUDSJJU-UHFFFAOYSA-N,C4H6F4O2,162.030392312,5,0.5314789170422551
"1,1,1,3,3,3-Hexafluoropropan-2-yl formate",(CF3)2CHOCHO,856766-70-6,282.0,3.1,2.450249108319361,Hodnebrog_2020,RoG_2020_Table_5,C(=O)OC(C(F)(F)F)C(F)(F)F,pubchem_name,O=COC(C(F)(F)F)C(F)(F)F,O=COC(C(F)(F)F)C(F)(F)F,RWCCLESWSUCGID-UHFFFAOYSA-N,C4H2F6O2,195.995898624,177,0.4913616938342727
HFE-7200,C6H5F9O,163702-05-4,60.0,0.77,1.7781512503836436,Hodnebrog_2020,anchor_curated_v1,CCOC(F)(F)C(F)(F)C(F)(F)C(F)(F)F,override_by_cas,CCOC(F)(F)C(F)(F)C(F)(F)C(F)(F)F,CCOC(F)(F)C(F)(F)C(F)(F)C(F)(F)F,DFUYAWQUODQGFF-UHFFFAOYSA-N,C6H5F9O,264.01966876000006,176,-0.11350927482751812
HFE-227ea,C3HF7O,2356-62-9,7520.0,54.8,3.876217840591642,Hodnebrog_2020,RoG_2020_T2,C(C(F)(F)F)(OC(F)(F)F)F,pubchem_cas,FC(OC(F)(F)F)C(F)(F)F,FC(OC(F)(F)F)C(F)(F)F,UDKWMTKIRQSDHF-UHFFFAOYSA-N,C3HF7O,185.991562192,175,1.7387805584843692
Perfluoroethyl formate,CF3CF2OCHO,313064-40-3,626.0,3.6,2.7965743332104296,Hodnebrog_2020,RoG_2020_Table_5,C(=O)O.C(C(F)(F)F)(O)(F)F,pubchem_name,O=CO.OC(F)(F)C(F)(F)F,O=CO.OC(F)(F)C(F)(F)F,ZUHQBFHCFALQFS-UHFFFAOYSA-N,C3H3F5O3,182.000235056,174,0.5563025007672873
"2,2,2-Trifluoroethyl formate",CF3CH2OCHO,32042-38-9,57.0,0.5,1.7558748556724917,Hodnebrog_2020,RoG_2020_Table_5,C(C(F)(F)F)OC=O,pubchem_cas,O=COCC(F)(F)F,O=COCC(F)(F)F,CAFROQYMUICGNO-UHFFFAOYSA-N,C3H3F3O2,128.008513996,173,-0.3010299956639812
HFE-143a,CH3OCF3,421-14-7,647.0,4.9,2.810904280668701,Hodnebrog_2020,RoG_2020_Table_5,COC(F)(F)F,pubchem_cas,COC(F)(F)F,COC(F)(F)F,JRHMNRMPVRXNOS-UHFFFAOYSA-N,C2H3F3O,100.013599376,172,0.6901960800285137
Heptafluoroisobutyronitrile,(CF3)2CFCN,42532-60-5,2900.0,34.5,3.462397997898956,Hodnebrog_2020,RoG_2020_Table_5,CC(C#N)(C(F)(F)F)C(F)(F)F,override_by_cas,CC(C#N)(C(F)(F)F)C(F)(F)F,CC(C#N)(C(F)(F)F)C(F)(F)F,RPUVFOCIULTMTO-UHFFFAOYSA-N,C5H3F6N,191.016968416,171,1.5378190950732742
Halon-2401,CHBrFCF3,124-72-1,211.0,2.9,2.3242824552976926,Hodnebrog_2020,RoG_2020_Table_5,C(C(F)(F)F)(F)Br,pubchem_cas,FC(Br)C(F)(F)F,FC(Br)C(F)(F)F,RZXZIZDRFQFCTA-UHFFFAOYSA-N,C2HBrF4,179.919775012,170,0.4623979978989561
"Perfluorotripropylamine, PTPA",N(CF2CF2CF3)3,338-83-0,9580.0,100.0,3.981365509078545,Hodnebrog_2020,RoG_2020_Table_5,C(C(N(C(C(C(F)(F)F)(F)F)(F)F)C(C(C(F)(F)F)(F)F)(F)F)(F)F)(C(F)(F)F)(F)F,pubchem_cas,FC(F)(F)C(F)(F)C(F)(F)N(C(F)(F)C(F)(F)C(F)(F)F)C(F)(F)C(F)(F)C(F)(F)F,FC(F)(F)C(F)(F)C(F)(F)N(C(F)(F)C(F)(F)C(F)(F)F)C(F)(F)C(F)(F)C(F)(F)F,JAJLKEVKNDUJBG-UHFFFAOYSA-N,C9F21N,520.96954162,3,2.0
HFE-338pcc13 (HG-01),CHF2OCF2CF2OCHF2,188690-78-0,3480.0,13.4,3.5415792439465807,Hodnebrog_2020,RoG_2020_Table_5,C(OC(C(OC(F)F)(F)F)(F)F)(F)F,pubchem_cas,FC(F)OC(F)(F)C(F)(F)OC(F)F,FC(F)OC(F)(F)C(F)(F)OC(F)F,YLKPVUPQPLZCQV-UHFFFAOYSA-N,C4H2F8O2,233.992705064,1,1.1271047983648077
"1,3,3,4,4,5,5-heptafluorocyclopentene",cyc(‐CF2CF2CF2CF=CH‐),1892-03-1,47.0,0.6,1.6720978579357175,Hodnebrog_2020,RoG_2020_Table_5,C1=C(C(C(C1(F)F)(F)F)(F)F)F,pubchem_cas,FC1=CC(F)(F)C(F)(F)C1(F)F,FC1=CC(F)(F)C(F)(F)C1(F)F,AWDCOETZVBNIIV-UHFFFAOYSA-N,C5HF7,193.996647572,24,-0.2218487496163564
"1-Propene, 3,3,3-trifluoro-2-(trifluoromethyl)-",(CF3)2C=CH2,382-10-5,0.5,0.0281998631074606,-0.3010299956639812,Hodnebrog_2020,RoG_2020_Table_5,C=C(C(F)(F)F)C(F)(F)F,pubchem_cas,C=C(C(F)(F)F)C(F)(F)F,C=C(C(F)(F)F)C(F)(F)F,QMIWYOZFFSLIAK-UHFFFAOYSA-N,C4H2F6,164.006069384,167,-1.5497529999011628
"3,3,4,4,5,5,6,6,7,7,8,8,9,9,10,10,10-Heptadecafluorodec-1-ene",n‐C8F17CH=CH2,21652-58-4,0.5,0.0246406570841889,-0.3010299956639812,Hodnebrog_2020,RoG_2020_Table_5,C=CC(C(C(C(C(C(C(C(F)(F)F)(F)F)(F)F)(F)F)(F)F)(F)F)(F)F)(F)F,pubchem_cas,C=CC(F)(F)C(F)(F)C(F)(F)C(F)(F)C(F)(F)C(F)(F)C(F)(F)C(F)(F)F,C=CC(F)(F)C(F)(F)C(F)(F)C(F)(F)C(F)(F)C(F)(F)C(F)(F)C(F)(F)F,NKAMGQZDVMQEJL-UHFFFAOYSA-N,C10H3F17,445.996329836,4,-1.6083477151670098
1-Chlorobutane,CH3(CH2)2CH2Cl,109-69-3,0.5,0.0123203285420944,-0.3010299956639812,Hodnebrog_2020,RoG_2020_Table_5,CCCCCl,pubchem_cas,CCCCCl,CCCCCl,VFWCMGCRMGJXDK-UHFFFAOYSA-N,C4H9Cl,92.039277968,166,-1.9093777108309926
2-Chloropropane,CH3CHClCH3,75-29-6,0.5,0.0602327173169062,-0.3010299956639812,Hodnebrog_2020,RoG_2020_Table_5,CC(C)Cl,pubchem_cas,CC(C)Cl,CC(C)Cl,ULYZAYCEDJDHCC-UHFFFAOYSA-N,C3H7Cl,78.023627904,165,-1.2201675437841284
"1,2-Dichloroethane",CH2ClCH2Cl,107-06-2,1.0,0.2245037645448323,0.0,Hodnebrog_2020,RoG_2020_Table_5,C(CCl)Cl,pubchem_cas,ClCCCl,ClCCCl,WSLDOOZREJYCGB-UHFFFAOYSA-N,C2H4Cl2,97.969005488,164,-0.6487763722226176
Chloroethane,CH3CH2Cl,75-00-3,0.5,0.1314168377823408,-0.3010299956639812,Hodnebrog_2020,RoG_2020_Table_5,CCCl,pubchem_cas,CCCl,CCCl,HRYZWHHZPQKTII-UHFFFAOYSA-N,C2H5Cl,64.00797784,163,-0.8813489872307473
"3,3,4,4-tetrafluorocyclobutene",cyc(‐CH=CHCF2CF2‐),2714-38-7,27.0,0.2299794661190965,1.4313637641589874,Hodnebrog_2020,RoG_2020_Table_5,C1=CC(C1(F)F)(F)F,pubchem_cas,FC1(F)C=CC1(F)F,FC1(F)C=CC1(F)F,GHTJJDFBXCKNEO-UHFFFAOYSA-N,C4H2F4,126.009262944,162,-0.6383109385444528
"1,3,3,4,4-pentafluorocyclobutene",cyc(‐CH=CFCF2CF2‐),374-31-2,97.0,0.7,1.9867717342662448,Hodnebrog_2020,RoG_2020_Table_5,C1=C(C(C1(F)F)(F)F)F,pubchem_name,FC1=CC(F)(F)C1(F)F,FC1=CC(F)(F)C1(F)F,FNURRVLRQSNEFB-UHFFFAOYSA-N,C4HF5,143.999841132,24,-0.1549019599857432
HFE-236ca12 (HG-10),CHF2OCF2OCHF2,78522-47-1,6370.0,26.5,3.8041394323353503,Hodnebrog_2020,RoG_2020_Table_5,C(OC(OC(F)F)(F)F)(F)F,pubchem_cas,FC(F)OC(F)(F)OC(F)F,FC(F)OC(F)(F)OC(F)F,AENINUZHGRRKOE-UHFFFAOYSA-N,C3H2F6O2,183.995898624,161,1.423245873936808
HFE-329mcc2,C4H2F8O,134769-21-4,3070.0,22.0,3.4871383754771865,Hodnebrog_2020,RoG_2020_T2,C(C(OC(C(F)(F)F)(F)F)(F)F)(F)F,pubchem_cas,FC(F)C(F)(F)OC(F)(F)C(F)(F)F,FC(F)C(F)(F)OC(F)(F)C(F)(F)F,QEROCSITFAXLCG-UHFFFAOYSA-N,C4HF9O,235.988368632,159,1.3424226808222062
HFC-134,CHF2CHF2,359-35-3,1330.0,10.0,3.123851640967086,Hodnebrog_2020,RoG_2020_Table_5,FC(F)C(F)F,override_by_cas,FC(F)C(F)F,FC(F)C(F)F,WXGNWUVNYMJENI-UHFFFAOYSA-N,C2H2F4,102.009262944,158,1.0
HFC-143,CH2FCHF2,430-66-0,382.0,3.6,2.582063362911709,Hodnebrog_2020,RoG_2020_Table_5,C(C(F)F)F,pubchem_cas,FCC(F)F,FCC(F)F,WGZYQOSEVSXDNI-UHFFFAOYSA-N,C2H3F3,84.018684756,157,0.5563025007672873
HFC-152,CH2FCH2F,624-72-6,23.0,0.5,1.3617278360175928,Hodnebrog_2020,RoG_2020_Table_5,C(CF)F,pubchem_cas,FCCF,FCCF,AHFMSNDOYCFEPH-UHFFFAOYSA-N,C2H4F2,66.028106568,156,-0.3010299956639812
HCFC-225cb,CHClFCF2CClF2,507-55-1,596.0,5.9,2.7752462597402365,Hodnebrog_2020,RoG_2020_Table_5,C(C(C(F)(F)Cl)(F)F)(F)Cl,pubchem_cas,FC(Cl)C(F)(F)C(F)(F)Cl,FC(Cl)C(F)(F)C(F)(F)Cl,UJIGKESMIPTWJH-UHFFFAOYSA-N,C3HCl2F5,201.937546492,154,0.7708520116421442
HCFC-141,CH2ClCHClF,430-57-9,49.0,1.1,1.6901960800285136,Hodnebrog_2020,RoG_2020_Table_5,C(C(F)Cl)Cl,pubchem_cas,FC(Cl)CCl,FC(Cl)CCl,NDKGUMMLYBINOC-UHFFFAOYSA-N,C2H3Cl2F,115.959583676,152,0.04139268515822508
1-Bromopropane,CH3CH2CH2Br,106-94-5,0.5,0.0410677618069815,-0.3010299956639812,Hodnebrog_2020,RoG_2020_Table_5,CCCBr,pubchem_cas,CCCBr,CCCBr,CYNYIHKIEHGYOZ-UHFFFAOYSA-N,C3H7Br,121.973112324,149,-1.3864989655506534
"1,2-Dibromoethane",CH2BrCH2Br,106-93-4,1.0,0.243668720054757,0.0,Hodnebrog_2020,RoG_2020_Table_5,C(CBr)Br,pubchem_cas,BrCCBr,BrCCBr,PAAZPARNPHGIKF-UHFFFAOYSA-N,C2H4Br2,185.867974328,148,-0.6132002179614217
HFC-161,CH3CH2F,353-36-6,5.0,0.2190280629705681,0.6989700043360189,Hodnebrog_2020,RoG_2020_Table_5,CCF,pubchem_cas,CCF,CCF,UHCBBWUQDAVSMS-UHFFFAOYSA-N,C2H5F,48.03752838,146,-0.6595002376143908
HFE-245fa2,CHF2OCH2CF3,1885-48-9,922.0,5.5,2.964730921053629,Hodnebrog_2020,RoG_2020_Table_5,C(C(F)(F)F)OC(F)F,pubchem_cas,FC(F)OCC(F)(F)F,FC(F)OCC(F)(F)F,ZASBKNPRLPFSCA-UHFFFAOYSA-N,C3H3F5O,150.010405816,145,0.7403626894942439
HFE-236fa,CF3CH2OCF3,20193-67-3,1160.0,7.5,3.0644579892269186,Hodnebrog_2020,RoG_2020_Table_5,C(C(F)(F)F)OC(F)(F)F,pubchem_cas,FC(F)(F)COC(F)(F)F,FC(F)(F)COC(F)(F)F,MWVZDOGOCGRMOE-UHFFFAOYSA-N,C3H2F6O,168.000984004,144,0.8750612633917001
"(4R,5R)-1,1,2,2,3,3,4,5-octafluorocyclopentane",trans‐cyc(‐CF2CF2CF2CHFCHF‐)b,389-18-5,271.0,3.2,2.432969290874406,Hodnebrog_2020,RoG_2020_Table_5,[C@H]1([C@H](C(C(C1(F)F)(F)F)(F)F)F)F,pubchem_name,FC1C(F)C(F)(F)C(F)(F)C1(F)F,F[C@@H]1[C@@H](F)C(F)(F)C(F)(F)C1(F)F,QVEJLBREDQLBKB-JCYAYHJZSA-N,C5H2F8,214.002875824,13,0.505149978319906
HFO-1438ezy(E),(E)‐(CF3)2CFCH=CHF,14149-41-8,9.0,0.3,0.9542425094393248,Hodnebrog_2020,RoG_2020_Table_5,C(=C/F)\C(C(F)(F)F)(C(F)(F)F)F,pubchem_cas,FC=CC(F)(C(F)(F)F)C(F)(F)F,F/C=C/C(F)(C(F)(F)F)C(F)(F)F,SKQJYUPAFGVYKS-OWOJBTEDSA-N,C5H2F8,214.002875824,143,-0.5228787452803376
HFO-1447fz,CF3(CF2)2CH=CH2,355-08-8,0.5,0.0246406570841889,-0.3010299956639812,Hodnebrog_2020,RoG_2020_Table_5,C=CC(C(C(F)(F)F)(F)F)(F)F,pubchem_cas,C=CC(F)(F)C(F)(F)C(F)(F)F,C=CC(F)(F)C(F)(F)C(F)(F)F,LQAPOTKKMIZDGP-UHFFFAOYSA-N,C5H3F7,196.012297636,4,-1.6083477151670098
HFE-263 m1,CF3OCH2CH3,690-22-2,31.0,0.4,1.4913616938342726,Hodnebrog_2020,RoG_2020_Table_5,CCOC(F)(F)F,pubchem_cas,CCOC(F)(F)F,CCOC(F)(F)F,ZPVFXWAIPNKSLJ-UHFFFAOYSA-N,C3H5F3O,114.02924944,142,-0.3979400086720376
"3,3,3-Trifluoropropan-1-ol",CF3CH2CH2OH,2240-88-2,0.5,0.0410677618069815,-0.3010299956639812,Hodnebrog_2020,RoG_2020_Table_5,C(CO)C(F)(F)F,pubchem_cas,OCCC(F)(F)F,OCCC(F)(F)F,HDBGBTNNPRCVND-UHFFFAOYSA-N,C3H5F3O,114.02924944,141,-1.3864989655506534
HFC-1345zfc,CF3CF2CH=CH2,374-27-6,0.5,0.0246406570841889,-0.3010299956639812,Hodnebrog_2020,RoG_2020_Table_5,C=CC(C(F)(F)F)(F)F,pubchem_cas,C=CC(F)(F)C(F)(F)F,C=CC(F)(F)C(F)(F)F,IZHPSCJEIFFRLN-UHFFFAOYSA-N,C4H3F5,146.015491196,140,-1.6083477151670098
"3,3,4,4,5,5,6,6,6-Nonafluorohex-1-ene",n‐C4F9CH=CH2,19430-93-4,0.5,0.0246406570841889,-0.3010299956639812,Hodnebrog_2020,RoG_2020_Table_5,C=CC(C(C(C(F)(F)F)(F)F)(F)F)(F)F,pubchem_cas,C=CC(F)(F)C(F)(F)C(F)(F)C(F)(F)F,C=CC(F)(F)C(F)(F)C(F)(F)C(F)(F)F,GVEUEBXMTMZVSD-UHFFFAOYSA-N,C6H3F9,246.009104076,4,-1.6083477151670098
"3,3,4,4,5,5,6,6,7,7,8,8,8-Tridecafluorooct-1-ene",n‐C6F13CH=CH2,25291-17-2,0.5,0.0246406570841889,-0.3010299956639812,Hodnebrog_2020,RoG_2020_Table_5,C=CC(C(C(C(C(C(F)(F)F)(F)F)(F)F)(F)F)(F)F)(F)F,pubchem_cas,C=CC(F)(F)C(F)(F)C(F)(F)C(F)(F)C(F)(F)C(F)(F)F,C=CC(F)(F)C(F)(F)C(F)(F)C(F)(F)C(F)(F)C(F)(F)F,FYQFWFHDPNXORA-UHFFFAOYSA-N,C8H3F13,346.00271695600003,4,-1.6083477151670098
HCFE-235ca2 (enflurane),CHF2OCF2CHFCl,13838-16-9,686.0,4.4,2.836324115706752,Hodnebrog_2020,RoG_2020_Table_5,C(C(OC(F)F)(F)F)(F)Cl,pubchem_cas,FC(F)OC(F)(F)C(F)Cl,FC(F)OC(F)(F)C(F)Cl,JPGQOUSTVILISH-UHFFFAOYSA-N,C3H2ClF5O,183.971433464,139,0.6434526764861874
HFE-236ea2 (desflurane),CHF2OCHFCF3,57041-67-5,2720.0,14.1,3.4345689040341987,Hodnebrog_2020,RoG_2020_Table_5,C(C(F)(F)F)(OC(F)F)F,pubchem_cas,FC(F)OC(F)C(F)(F)F,FC(F)OC(F)C(F)(F)F,DPYMFVXJLLWWEU-UHFFFAOYSA-N,C3H2F6O,168.000984004,138,1.14921911265538
Perfluorodecalin (cis),Z‐C10F18b,60433-11-6,8270.0,200.0,3.9175055095525466,Hodnebrog_2020,RoG_2020_Table_5,C12(C(C(C(C(C1(F)F)(F)F)(F)F)(F)F)(C(C(C(C2(F)F)(F)F)(F)F)(F)F)F)F,pubchem_cas,FC1(F)C(F)(F)C(F)(F)C2(F)C(F)(F)C(F)(F)C(F)(F)C(F)(F)C2(F)C1(F)F,FC1(F)C(F)(F)C(F)(F)C2(F)C(F)(F)C(F)(F)C(F)(F)C(F)(F)C2(F)C1(F)F,UWEYRJFJVCLAGH-UHFFFAOYSA-N,C10F18,461.97125796,137,2.3010299956639813
HFE-245cb2,CF3CF2OCH3,22410-44-2,784.0,5.0,2.8943160626844384,Hodnebrog_2020,RoG_2020_Table_5,COC(C(F)(F)F)(F)F,pubchem_cas,COC(F)(F)C(F)(F)F,COC(F)(F)C(F)(F)F,GCDWNCOAODIANN-UHFFFAOYSA-N,C3H3F5O,150.010405816,5,0.6989700043360189
HFE-245fa1,CHF2CH2OCF3,84011-15-4,980.0,6.7,2.9912260756924947,Hodnebrog_2020,RoG_2020_Table_5,C(C(F)F)OC(F)(F)F,pubchem_cas,FC(F)COC(F)(F)F,FC(F)COC(F)(F)F,SFNHUVOCGCQZEG-UHFFFAOYSA-N,C3H3F5O,150.010405816,136,0.8260748027008264
HFE-356mff2,CF3CH2OCH2CF3,333-36-8,26.0,0.4,1.414973347970818,Hodnebrog_2020,RoG_2020_Table_5,C(C(F)(F)F)OCC(F)(F)F,pubchem_cas,FC(F)(F)COCC(F)(F)F,FC(F)(F)COCC(F)(F)F,KGPPDNUWZNWPSI-UHFFFAOYSA-N,C4H4F6O,182.016634068,135,-0.3979400086720376
HFC-227ca,CF3CF2CHF2,2252-84-8,3140.0,30.0,3.496929648073215,Hodnebrog_2020,RoG_2020_Table_5,C(C(C(F)(F)F)(F)F)(F)F,pubchem_cas,FC(F)C(F)(F)C(F)(F)F,FC(F)C(F)(F)C(F)(F)F,UKACHOXRXFQJFN-UHFFFAOYSA-N,C3HF7,169.996647572,134,1.4771212547196624
HFC-236ea,CHF2CHFCF3,431-63-0,1570.0,11.4,3.1958996524092336,Hodnebrog_2020,RoG_2020_Table_5,C(C(F)F)(C(F)(F)F)F,pubchem_cas,FC(F)C(F)C(F)(F)F,FC(F)C(F)C(F)(F)F,FYIRUPZTYPILDH-UHFFFAOYSA-N,C3H2F6,152.006069384,132,1.0569048513364727
HFC-245ca,CH2FCF2CHF2,679-86-7,827.0,6.6,2.9175055095525466,Hodnebrog_2020,RoG_2020_Table_5,C(C(C(F)F)(F)F)F,pubchem_cas,FCC(F)(F)C(F)F,FCC(F)(F)C(F)F,AWTOFSDLNREIFS-UHFFFAOYSA-N,C3H3F5,134.015491196,131,0.8195439355418687
HFC-245cb,CF3CF2CH3,1814-88-6,4790.0,39.9,3.680335513414563,Hodnebrog_2020,RoG_2020_Table_5,CC(C(F)(F)F)(F)F,pubchem_cas,CC(F)(F)C(F)(F)F,CC(F)(F)C(F)(F)F,FDOPVENYMZRARC-UHFFFAOYSA-N,C3H3F5,134.015491196,130,1.6009728956867482
HFC-245ea,CHF2CHFCHF2,24270-66-4,267.0,3.2,2.4265112613645754,Hodnebrog_2020,RoG_2020_Table_5,C(C(F)F)(C(F)F)F,pubchem_cas,FC(F)C(F)C(F)F,FC(F)C(F)C(F)F,MWDWMQNTNBHJEI-UHFFFAOYSA-N,C3H3F5,134.015491196,129,0.505149978319906
HFC-245eb,CH2FCHFCF3,431-31-2,341.0,3.2,2.5327543789924976,Hodnebrog_2020,RoG_2020_Table_5,C(C(C(F)(F)F)F)F,pubchem_cas,FCC(F)C(F)(F)F,FCC(F)C(F)(F)F,ZDCWZRQSHBQRGN-UHFFFAOYSA-N,C3H3F5,134.015491196,128,0.505149978319906
HCFO-1233zd(E),(E)‐CF3CH=CHCl,102687-65-0,4.0,0.1163586584531143,0.6020599913279624,Hodnebrog_2020,RoG_2020_Table_5,ClC=C/C(F)(F)F,override_by_cas,FC(F)(F)C=CCl,FC(F)(F)C=CCl,LDTMPQQAWUMPKS-UHFFFAOYSA-N,C3H2ClF3,129.979712404,14,-0.9342012945560229
"1,1,2,2,3,3,4-heptafluorocyclopentane",cyc(‐CF2CF2CF2CHFCH2‐),15290-77-4,243.0,2.8,2.385606273598312,Hodnebrog_2020,RoG_2020_Table_5,C1C(C(C(C1(F)F)(F)F)(F)F)F,pubchem_cas,FC1CC(F)(F)C(F)(F)C1(F)F,FC1CC(F)(F)C(F)(F)C1(F)F,IDBYQQQHBYGLEQ-UHFFFAOYSA-N,C5H3F7,196.012297636,127,0.4471580313422192
PFC-1114,CF2=CF2,116-14-3,0.5,0.0032854209445585,-0.3010299956639812,Hodnebrog_2020,RoG_2020_Table_5,C(=C(F)F)(F)F,pubchem_cas,FC(F)=C(F)F,FC(F)=C(F)F,BFKJFAAPBSQJPD-UHFFFAOYSA-N,C2F4,99.99361288,126,-2.4834089785587126
HG-02,CHF2(OCF2CF2)2OCHF2,205367-61-9,6030.0,26.9,3.780317312140151,Hodnebrog_2020,RoG_2020_Table_5,C(OC(C(OC(C(OC(F)F)(F)F)(F)F)(F)F)(F)F)(F)F,pubchem_cas,FC(F)OC(F)(F)C(F)(F)OC(F)(F)C(F)(F)OC(F)F,FC(F)OC(F)(F)C(F)(F)OC(F)(F)C(F)(F)OC(F)F,FZPPENGUXKSLGQ-UHFFFAOYSA-N,C6H2F12O3,349.981232564,1,1.429752280002408
HG-03,CHF2(OCF2CF2)3OCHF2,173350-37-3,5630.0,26.9,3.750508394851346,Hodnebrog_2020,RoG_2020_Table_5,C(OC(C(OC(C(OC(C(OC(F)F)(F)F)(F)F)(F)F)(F)F)(F)F)(F)F)(F)F,pubchem_cas,FC(F)OC(F)(F)C(F)(F)OC(F)(F)C(F)(F)OC(F)(F)C(F)(F)OC(F)F,FC(F)OC(F)(F)C(F)(F)OC(F)(F)C(F)(F)OC(F)(F)C(F)(F)OC(F)F,LSIYZBIPJMCFSZ-UHFFFAOYSA-N,C8H2F16O4,465.969760064,1,1.429752280002408
"(2,2,2-Trifluoroethoxy)ethene",CF3CH2OCH=CH2,406-90-6,0.5,0.0098562628336755,-0.3010299956639812,Hodnebrog_2020,RoG_2020_Table_5,C=COCC(F)(F)F,pubchem_cas,C=COCC(F)(F)F,C=COCC(F)(F)F,DLEGDLSLRSOURQ-UHFFFAOYSA-N,C4H5F3O,126.02924944,125,-2.00628772383905
CFC-113a,CCl3CF3,354-58-5,4140.0,55.0,3.617000341120899,Hodnebrog_2020,RoG_2020_Table_5,FC(F)(F)C(Cl)(Cl)Cl,override_by_cas,FC(F)(F)C(Cl)(Cl)Cl,FC(F)(F)C(Cl)(Cl)Cl,BOSAWIQFTJIYIS-UHFFFAOYSA-N,C2Cl3F3,185.9017677,124,1.7403626894942439
Halon-1011,CH2BrCl,74-97-5,5.0,0.5,0.6989700043360189,Hodnebrog_2020,RoG_2020_Table_5,C(Cl)Br,pubchem_cas,ClCBr,ClCBr,JPOXNPPZZKNXOV-UHFFFAOYSA-N,CH2BrCl,127.902839844,123,-0.3010299956639812
HFO-1234ze(Z),(Z)‐CF3CH=CHF,29118-25-0,0.5,0.027378507871321,-0.3010299956639812,Hodnebrog_2020,RoG_2020_Table_5,F/C=C\C(F)(F)F,override_by_cas,FC=CC(F)(F)F,F/C=C\C(F)(F)F,CDOOAUSHHFGWSA-UPHRSURJSA-N,C3H2F4,114.009262944,23,-1.5625902246063346
HFO-1225ye(E),(E)‐CF3CF=CHF,5595-10-8,0.5,0.0156057494866529,-0.3010299956639812,Hodnebrog_2020,RoG_2020_Table_5,F/C(F)=C/C(F)(F)F,override_by_cas,FC(F)=CC(F)(F)F,FC(F)=CC(F)(F)F,QAERDLQYXMEHEB-UHFFFAOYSA-N,C3HF5,131.999841132,122,-1.806715368933845
HFO-1141,CH2=CHF,75-02-5,0.5,0.0068446269678302,-0.3010299956639812,Hodnebrog_2020,RoG_2020_Table_5,FC=C,override_by_cas,C=CF,C=CF,XUCNUKMRBVNAPB-UHFFFAOYSA-N,C2H3F,46.021878316,121,-2.1646502159343
HFO-1123,CHF=CF2,359-11-5,0.5,0.0038329911019849,-0.3010299956639812,Hodnebrog_2020,RoG_2020_Table_5,C(=C(F)F)F,pubchem_cas,FC=C(F)F,FC=C(F)F,MIZLGWKEZAPEFJ-UHFFFAOYSA-N,C2HF3,82.003034692,119,-2.4164621889281013
HFC-329p,CHF2CF2CF2CF3,375-17-7,3040.0,32.0,3.482873583608754,Hodnebrog_2020,RoG_2020_Table_5,C(C(C(C(F)(F)F)(F)F)(F)F)(F)F,pubchem_cas,FC(F)C(F)(F)C(F)(F)C(F)(F)F,FC(F)C(F)(F)C(F)(F)C(F)(F)F,ZQTIKDIHRRLSRV-UHFFFAOYSA-N,C4HF9,219.993454012,118,1.505149978319906
HFE-254cb2,C3H4F4O,425-88-7,328.0,2.5,2.515873843711679,Hodnebrog_2020,RoG_2020_T2,COC(C(F)F)(F)F,pubchem_cas,COC(F)(F)C(F)F,COC(F)(F)C(F)F,YQQHEHMVPLLOKE-UHFFFAOYSA-N,C3H4F4O,132.019827628,117,0.3979400086720376
HCFO-1233xf,C3H2ClF3,2730-62-3,1.53,0.054,0.1846914308175988,Hodnebrog_2020,RoG_2020_T2,C=C(C(F)(F)F)Cl,pubchem_cas,C=C(Cl)C(F)(F)F,C=C(Cl)C(F)(F)F,OQISUJXQFPPARX-UHFFFAOYSA-N,C3H2ClF3,129.979712404,116,-1.2676062401770316
HFE-125,C2HF5O,3822-68-2,14300.0,135.0,4.155336037465061,Hodnebrog_2020,RoG_2020_T2,C(OC(F)(F)F)(F)F,pubchem_cas,FC(F)OC(F)(F)F,FC(F)OC(F)(F)F,ACYQYBAHTSKBLM-UHFFFAOYSA-N,C2HF5O,135.994755752,115,2.130333768495006
HFE-134,C2H2F4O,1691-17-4,6630.0,26.9,3.821513528404773,Hodnebrog_2020,RoG_2020_T2,C(OC(F)F)(F)F,pubchem_cas,FC(F)OC(F)F,FC(F)OC(F)F,IOCGMLSHRBHNCM-UHFFFAOYSA-N,C2H2F4O,118.004177564,114,1.429752280002408
HFO-1336mzz(Z),(Z)‐CF3CH=CHCF3,692-49-9,2.0,0.0739219712525667,0.3010299956639812,Hodnebrog_2020,RoG_2020_Table_5,FC(F)(F)/C=C\C(F)(F)F,override_by_cas,FC(F)(F)C=CC(F)(F)F,FC(F)(F)/C=C\C(F)(F)F,NLOLSXYRJFEOTA-UPHRSURJSA-N,C4H2F6,164.006069384,22,-1.1312264604473472
HFO-1234yf,CF3CF=CH2,754-12-1,0.5,0.0328542094455852,-0.3010299956639812,Hodnebrog_2020,RoG_2020_Table_5,FC(F)(F)C(F)=C,override_by_cas,C=C(F)C(F)(F)F,C=C(F)C(F)(F)F,FXRLMCRCYDHQFW-UHFFFAOYSA-N,C3H2F4,114.009262944,113,-1.4834089785587097
HFO-1234ze(E),(E)‐CF3CH=CHF,29188-24-9,1.0,0.0520191649555099,0.0,Hodnebrog_2020,RoG_2020_Table_5,C(=CF)C(F)(F)F,pubchem_name,FC=CC(F)(F)F,FC=CC(F)(F)F,CDOOAUSHHFGWSA-UHFFFAOYSA-N,C3H2F4,114.009262944,23,-1.2838366236535057
CFC-114a,CCl2FCF3,374-07-2,7850.0,105.0,3.8948696567452528,Hodnebrog_2020,RoG_2020_Table_5,FC(F)(F)C(F)(Cl)Cl,override_by_cas,FC(F)(F)C(F)(Cl)Cl,FC(F)(F)C(F)(Cl)Cl,BAMUEXIPKSRTBS-UHFFFAOYSA-N,C2Cl2F4,169.93131824,112,2.0211892990699383
CFC-112a,CCl3CClF2,76-11-9,3740.0,52.0,3.5728716022004803,Hodnebrog_2020,RoG_2020_Table_5,FC(F)(Cl)C(Cl)(Cl)Cl,override_by_cas,FC(F)(Cl)C(Cl)(Cl)Cl,FC(F)(Cl)C(Cl)(Cl)Cl,SLGOCMATMKJJCE-UHFFFAOYSA-N,C2Cl4F2,201.87221716,6,1.7160033436347992
HFC-338pcc,C4H2F8,75-87-6,1480.0,13.5,3.170261715394957,Hodnebrog_2020,RoG_2020_T2,C(=O)C(Cl)(Cl)Cl,pubchem_cas,O=CC(Cl)(Cl)Cl,O=CC(Cl)(Cl)Cl,HFFLGKNGCAIQMO-UHFFFAOYSA-N,C2HCl3O,145.909297692,111,1.130333768495006
HCFC-132c,CH2FCCl2F,1842-05-3,359.0,4.1,2.55509444857832,Hodnebrog_2020,RoG_2020_Table_5,C(C(F)(Cl)Cl)F,pubchem_cas,FCC(F)(Cl)Cl,FCC(F)(Cl)Cl,OIQOUHIUUREZOM-UHFFFAOYSA-N,C2H2Cl2F2,133.950161864,110,0.6127838567197355
Perfluorotributylamine,C12F27N,311-89-7,8490.0,500.0,3.928907690243953,Hodnebrog_2020,RoG_2020_T2,FC(F)(F)C(F)(F)C(F)(F)C(F)(F)N(C(F)(F)C(F)(F)C(F)(F)C(F)(F)F)C(F)(F)C(F)(F)C(F)(F)C(F)(F)F,override_by_cas,FC(F)(F)C(F)(F)C(F)(F)C(F)(F)N(C(F)(F)C(F)(F)C(F)(F)C(F)(F)F)C(F)(F)C(F)(F)C(F)(F)C(F)(F)F,FC(F)(F)C(F)(F)C(F)(F)C(F)(F)N(C(F)(F)C(F)(F)C(F)(F)C(F)(F)F)C(F)(F)C(F)(F)C(F)(F)C(F)(F)F,RVZRBWKZFJCCIB-UHFFFAOYSA-N,C12F27N,670.95996094,3,2.6989700043360187
Pentafluoropropanol,C3H3F5O,422-05-9,34.3,0.47,1.5352941200427703,Hodnebrog_2020,RoG_2020_T2,C(C(C(F)(F)F)(F)F)O,pubchem_cas,OCC(F)(F)C(F)(F)F,OCC(F)(F)C(F)(F)F,PSQZJKGXDGNDFP-UHFFFAOYSA-N,C3H3F5O,150.010405816,106,-0.3279021420642826
Tribromomethane,CHBr3,75-25-2,0.5,0.1560574948665297,-0.3010299956639812,Hodnebrog_2020,RoG_2020_Table_5,BrC(Br)Br,override_by_cas,BrC(Br)Br,BrC(Br)Br,DIKBFYAXUHHXCS-UHFFFAOYSA-N,CHBr3,249.762836332,104,-0.8067153689338432
CFC-112,CCl2FCCl2F,76-12-0,4880.0,63.6,3.6884198220027113,Hodnebrog_2020,RoG_2020_Table_5,FC(F)(Cl)C(Cl)(Cl)F,override_by_cas,FC(F)(Cl)C(F)(Cl)Cl,FC(F)(Cl)C(F)(Cl)Cl,AJDIZQLSFPQPEY-UHFFFAOYSA-N,C2Cl3F3,185.9017677,6,1.8034571156484138
HFO-1243zf,C3H3F3,677-21-4,0.31,0.022,-0.5086383061657274,Hodnebrog_2020,RoG_2020_T2,C=CC(F)(F)F,pubchem_cas,C=CC(F)(F)F,C=CC(F)(F)F,FDMFUZHCIRHGRG-UHFFFAOYSA-N,C3H3F3,96.018684756,103,-1.6575773191777938
HFO-1336mzz(E),C4H2F6,66711-86-2,18.0,0.31,1.255272505103306,Hodnebrog_2020,RoG_2020_T2,FC(F)(F)/C=C/C(F)(F)F,override_by_cas,FC(F)(F)C=CC(F)(F)F,FC(F)(F)/C=C/C(F)(F)F,NLOLSXYRJFEOTA-OWOJBTEDSA-N,C4H2F6,164.006069384,22,-0.5086383061657274
perfluoro-2-methylpentan-3-one,CF3CF2C(O)CF(CF3)2,756-13-8,0.5,0.0191649555099247,-0.3010299956639812,Hodnebrog_2020,RoG_2020_Table_5,CCC(=O)C(F)(F)C(F)(F)C(F)(F)F,override_by_cas,CCC(=O)C(F)(F)C(F)(F)C(F)(F)F,CCC(=O)C(F)(F)C(F)(F)C(F)(F)F,MWTVYHHARBNCJL-UHFFFAOYSA-N,C6H5F7O,226.02286232,101,-1.7174921845920776
CFC-13,CClF3,75-72-9,17200.0,640.0,4.235528446907549,Hodnebrog_2020,RoG_2020_Table_5,FC(F)(F)Cl,override_by_cas,FC(F)(F)Cl,FC(F)(F)Cl,AFYPFACVUDMOHA-UHFFFAOYSA-N,CClF3,103.96406234,11,2.806179973983887
Perfluorotrihexylamine,C18F39N,432-08-6,9100.0,500.0,3.959041392321093,Hodnebrog_2020,RoG_2020_T2,C(C(C(C(F)(F)F)(F)F)(F)F)(C(C(N(C(C(C(C(C(C(F)(F)F)(F)F)(F)F)(F)F)(F)F)(F)F)C(C(C(C(C(C(F)(F)F)(F)F)(F)F)(F)F)(F)F)(F)F)(F)F)(F)F)(F)F,pubchem_cas,FC(F)(F)C(F)(F)C(F)(F)C(F)(F)C(F)(F)C(F)(F)N(C(F)(F)C(F)(F)C(F)(F)C(F)(F)C(F)(F)C(F)(F)F)C(F)(F)C(F)(F)C(F)(F)C(F)(F)C(F)(F)C(F)(F)F,FC(F)(F)C(F)(F)C(F)(F)C(F)(F)C(F)(F)C(F)(F)N(C(F)(F)C(F)(F)C(F)(F)C(F)(F)C(F)(F)C(F)(F)F)C(F)(F)C(F)(F)C(F)(F)C(F)(F)C(F)(F)C(F)(F)F,HDCGZKPLSIIZAZ-UHFFFAOYSA-N,C18F39N,970.94079958,3,2.6989700043360187
HFE-7100,C5H3F9O,163702-07-6,460.0,4.7,2.662757831681574,Hodnebrog_2020,anchor_curated_v1,COC(F)(F)C(F)(F)C(F)(F)C(F)(F)F,override_by_cas,COC(F)(F)C(F)(F)C(F)(F)C(F)(F)F,COC(F)(F)C(F)(F)C(F)(F)C(F)(F)F,OKIYQFLILPKULA-UHFFFAOYSA-N,C5H3F9O,250.004018696,16,0.6720978579357175
HCFC-121,CHCl2CCl2F,354-14-3,61.0,1.1,1.7853298350107671,Hodnebrog_2020,RoG_2020_Table_5,C(C(F)(Cl)Cl)(Cl)Cl,pubchem_cas,FC(Cl)(Cl)C(Cl)Cl,FC(Cl)(Cl)C(Cl)Cl,LUBCGHUOCJOIJA-UHFFFAOYSA-N,C2HCl4F,183.881638972,17,0.04139268515822508
Novec 5110 (Perfluoroketone),C8F16O,192818-04-1,1.0,0.045,0.0,Hodnebrog_2020,RoG_2020_T2,FC(F)(F)C(F)(F)C(F)(F)C(F)(F)C(=O)C(C(F)(F)F)C(F)(F)F,rescue_v2,O=C(C(C(F)(F)F)C(F)(F)F)C(F)(F)C(F)(F)C(F)(F)C(F)(F)F,O=C(C(C(F)(F)F)C(F)(F)F)C(F)(F)C(F)(F)C(F)(F)C(F)(F)F,XJUMQQAYQJSWLV-UHFFFAOYSA-N,C8HF15O,397.97878795200006,100,-1.3467874862246563
PFC-116,C2F6,,13200.0,100.0,4.12057393120585,Hodnebrog_2020,RoG_2020_Table_3,FC(F)(F)C(F)(F)F,rescue_v2,FC(F)(F)C(F)(F)F,FC(F)(F)C(F)(F)F,WMIYKQLTONQJES-UHFFFAOYSA-N,C2F6,137.99041932,98,2.0
HFE-356mec3,CH3OCF2CHFCF3,382-34-3,277.0,2.5,2.4424797690644486,Hodnebrog_2020,RoG_2020_Table_5,COC(C(C(F)(F)F)F)(F)F,pubchem_cas,COC(F)(F)C(F)C(F)(F)F,COC(F)(F)C(F)C(F)(F)F,PKMXTDVNDDDCSY-UHFFFAOYSA-N,C4H4F6O,182.016634068,96,0.3979400086720376
"HFE-43-10pccc124 (H-Galden 1,040x, HG-11)",CHF2OCF2OCF2CF2OCHF2,,3380.0,14.1,3.5289167002776547,Hodnebrog_2020,RoG_2020_Table_5,FC(F)OC(F)(F)OC(F)(F)C(F)(F)OC(F)F,rescue_v2,FC(F)OC(F)(F)OC(F)(F)C(F)(F)OC(F)F,FC(F)OC(F)(F)OC(F)(F)C(F)(F)OC(F)F,ICIZOWVAGSOWBZ-UHFFFAOYSA-N,C5H2F10O3,299.984426124,1,1.14921911265538
HCFC-21,CHCl2F,75-43-4,168.0,1.7,2.225309281725863,Hodnebrog_2020,RoG_2020_Table_5,C(F)(Cl)Cl,pubchem_cas,FC(Cl)Cl,FC(Cl)Cl,UMNKXPULIDJLSU-UHFFFAOYSA-N,CHCl2F,101.943933612,20,0.2304489213782739
HCFC-31,CH2ClF,593-70-4,83.0,1.2,1.919078092376074,Hodnebrog_2020,RoG_2020_Table_5,C(F)Cl,pubchem_cas,FCCl,FCCl,XWCDCDSDNJVCLO-UHFFFAOYSA-N,CH2ClF,67.982905964,94,0.07918124604762482
CFC 1112a,CCl2=CF2,79-35-6,0.5,0.0062970568104038,-0.3010299956639812,Hodnebrog_2020,RoG_2020_Table_5,FC(F)=C(Cl)Cl,override_by_cas,FC(F)=C(Cl)Cl,FC(F)=C(Cl)Cl,QDGONURINHVBEW-UHFFFAOYSA-N,C2Cl2F2,131.9345118,93,-2.2008623885887437
"2,2,2-Trifluoroethanol",C2H3F3O,75-89-8,16.7,0.21,1.2227164711475833,Hodnebrog_2020,RoG_2020_T2,OCC(F)(F)F,override_by_cas,OCC(F)(F)F,OCC(F)(F)F,RHQDFWAXVIIEBN-UHFFFAOYSA-N,C2H3F3O,100.013599376,92,-0.6777807052660807
Halon-1201,CHBrF2,1511-62-2,398.0,4.9,2.599883072073688,Hodnebrog_2020,RoG_2020_Table_5,C(F)(F)Br,pubchem_cas,FC(F)Br,FC(F)Br,GRCDJFHYVYUNHM-UHFFFAOYSA-N,CHBrF2,129.922968572,91,0.6901960800285137
CFC 1112,CClF=CClF,598-88-9,0.5,0.0194387405886379,-0.3010299956639812,Hodnebrog_2020,RoG_2020_Table_5,FC=CCl,override_by_cas,FC=CCl,FC=CCl,MTKHTBWXSHYCGS-UHFFFAOYSA-N,C2H2ClF,79.982905964,19,-1.7113318758872595
HFE-7300,C7H3F13O2,132182-92-4,405.0,4.4,2.6074550232146687,Hodnebrog_2020,anchor_curated_v1,CCOC(F)(F)C(F)(F)OC(F)(F)C(F)(F)C(F)(F)F,override_by_cas,CCOC(F)(F)C(F)(F)OC(F)(F)C(F)(F)C(F)(F)F,CCOC(F)(F)C(F)(F)OC(F)(F)C(F)(F)C(F)(F)F,OGYBIBZAADEHKI-UHFFFAOYSA-N,C7H5F11O2,330.01138982000003,90,0.6434526764861874
Z-R316c,ciscyc(‐CClFCF2CF2CClF‐)b,3934-26-7,5990.0,114.0,3.777426822389312,Hodnebrog_2020,RoG_2020_Table_5,[C@]1([C@](C(C1(F)F)(F)F)(F)Cl)(F)Cl,pubchem_cas,FC1(F)C(F)(F)C(F)(Cl)C1(F)Cl,FC1(F)C(F)(F)[C@@](F)(Cl)[C@@]1(F)Cl,LMHAGAHDHRQIMB-XIXRPRMCSA-N,C4Cl2F6,231.92812468,9,2.0569048513364727
E-R316c,transcyc(‐CClFCF2CF2CClF‐)b,3832-15-3,4470.0,75.0,3.6503075231319366,Hodnebrog_2020,RoG_2020_Table_5,[C@]1([C@@](C(C1(F)F)(F)F)(F)Cl)(F)Cl,pubchem_cas,FC1(F)C(F)(F)C(F)(Cl)C1(F)Cl,FC1(F)C(F)(F)[C@](F)(Cl)[C@@]1(F)Cl,LMHAGAHDHRQIMB-LWMBPPNESA-N,C4Cl2F6,231.92812468,9,1.8750612633917
HCFC-123a,CHClFCClF2,354-23-4,415.0,4.0,2.6180480967120925,Hodnebrog_2020,RoG_2020_Table_5,C(C(F)(F)Cl)(F)Cl,pubchem_cas,FC(Cl)C(F)(F)Cl,FC(Cl)C(F)(F)Cl,YMRMDGSNYHCUCL-UHFFFAOYSA-N,C2HCl2F3,151.940740052,18,0.6020599913279624
"Allyl 2,2,2-trifluoroacetate",CF3C(O)OCH2CH=CH2,383-67-5,0.5,0.0035592060232717,-0.3010299956639812,Hodnebrog_2020,RoG_2020_Table_5,C=CCOC(=O)C(F)(F)F,pubchem_cas,C=CCOC(=O)C(F)(F)F,C=CCOC(=O)C(F)(F)F,XIVPVSIDXBTZLM-UHFFFAOYSA-N,C5H5F3O2,154.02416406,89,-2.4486468722995016
"Methyl 2,2,2-trifluoroacetate",CF3C(O)OCH3,431-47-0,86.0,1.0,1.934498451243568,Hodnebrog_2020,RoG_2020_Table_5,COC(=O)C(F)(F)F,pubchem_cas,COC(=O)C(F)(F)F,COC(=O)C(F)(F)F,VMVNZNXAVJHNDJ-UHFFFAOYSA-N,C3H3F3O2,128.008513996,88,0.0
"2,2,3,3,4,4,4-Heptafluorobutan-1-ol",CF3CF2CF2CH2OH,375-01-9,38.0,0.6,1.57978359661681,Hodnebrog_2020,RoG_2020_Table_5,C(C(C(C(F)(F)F)(F)F)(F)F)O,pubchem_cas,OCC(F)(F)C(F)(F)C(F)(F)F,OCC(F)(F)C(F)(F)C(F)(F)F,WXJFKAZDSQLPBX-UHFFFAOYSA-N,C4H3F7O,200.007212256,87,-0.2218487496163564
HG'-03,CH3O(CF2CF2O)3CH3,,230.0,1.7,2.361727836017593,Hodnebrog_2020,RoG_2020_Table_5,COC(C(OC(C(OC(C(OC)(F)F)(F)F)(F)F)(F)F)(F)F)(F)F,pubchem_name,COC(F)(F)C(F)(F)OC(F)(F)C(F)(F)OC(F)(F)C(F)(F)OC,COC(F)(F)C(F)(F)OC(F)(F)C(F)(F)OC(F)(F)C(F)(F)OC,UMMJPMFAQHCBNY-UHFFFAOYSA-N,C8H6F12O4,394.007447312,5,0.2304489213782739
HFE-329me3,CF3CFHCF2OCF3,,4620.0,33.6,3.6646419755561257,Hodnebrog_2020,RoG_2020_Table_5,C(C(OC(F)(F)F)(F)F)(C(F)(F)F)F,pubchem_name,FC(C(F)(F)F)C(F)(F)OC(F)(F)F,FC(C(F)(F)F)C(F)(F)OC(F)(F)F,XDHKPUUGCABIMF-UHFFFAOYSA-N,C4HF9O,235.988368632,86,1.526339277389844
HCFC-122a,CHClFCCl2F,354-15-4,257.0,3.1,2.4099331233312946,Hodnebrog_2020,RoG_2020_Table_5,C(C(F)(Cl)Cl)(F)Cl,pubchem_cas,FC(Cl)C(F)(Cl)Cl,FC(Cl)C(F)(Cl)Cl,BQNSLJQRJAJITR-UHFFFAOYSA-N,C2HCl3F2,167.911189512,18,0.4913616938342727
HFE-365mcf3,CF3CF2CH2OCH3,,2.0,0.0684462696783025,0.3010299956639812,Hodnebrog_2020,RoG_2020_Table_5,COCC(C(F)(F)F)(F)F,pubchem_name,COCC(F)(F)C(F)(F)F,COCC(F)(F)C(F)(F)F,ZYAMKYAPIQPWQR-UHFFFAOYSA-N,C4H5F5O,164.02605588,85,-1.164650215934297
HFE-356mmz1,(CF3)2CHOCH3,,9.0,0.1779603011635865,0.9542425094393248,Hodnebrog_2020,RoG_2020_Table_5,COC(C(F)(F)F)C(F)(F)F,pubchem_name,COC(C(F)(F)F)C(F)(F)F,COC(C(F)(F)F)C(F)(F)F,VNXYDFNVQBICRO-UHFFFAOYSA-N,C4H4F6O,182.016634068,84,-0.749676867963479
HFE-356pcc3,CH3OCF2CF2CHF2,,291.0,2.5,2.463892988985908,Hodnebrog_2020,RoG_2020_Table_5,COC(C(C(F)F)(F)F)(F)F,pubchem_name,COC(F)(F)C(F)(F)C(F)F,COC(F)(F)C(F)(F)C(F)F,CMRJNALMNDBXQC-UHFFFAOYSA-N,C4H4F6O,182.016634068,83,0.3979400086720376
HCFC-132,CHClFCHClF,431-06-1,128.0,1.7,2.1072099696478683,Hodnebrog_2020,RoG_2020_Table_5,C(C(F)Cl)(F)Cl,pubchem_cas,FC(Cl)C(F)Cl,FC(Cl)C(F)Cl,IDSKMUOSMAUASS-UHFFFAOYSA-N,C2H2Cl2F2,133.950161864,82,0.2304489213782739
HCFC-124a,CHF2CClF2,354-25-6,2170.0,17.0,3.3364597338485296,Hodnebrog_2020,RoG_2020_Table_5,C(C(F)(F)Cl)(F)F,pubchem_cas,FC(F)C(F)(F)Cl,FC(F)C(F)(F)Cl,JQZFYIGAYWLRCC-UHFFFAOYSA-N,C2HClF4,135.970290592,81,1.2304489213782739
2-Bromopropane,CH3CHBrCH3,75-26-3,0.5,0.054757015742642,-0.3010299956639812,Hodnebrog_2020,RoG_2020_Table_5,CC(C)Br,pubchem_cas,CC(C)Br,CC(C)Br,NAMYKGVDVNBCFQ-UHFFFAOYSA-N,C3H7Br,121.973112324,79,-1.2615602289423533
HCFC-123,CHCl2CF3,306-83-2,95.0,1.3,1.977723605288848,Hodnebrog_2020,RoG_2020_Table_5,C(C(F)(F)F)(Cl)Cl,pubchem_cas,FC(F)(F)C(Cl)Cl,FC(F)(F)C(Cl)Cl,OHMHBGPWCHTMQE-UHFFFAOYSA-N,C2HCl2F3,151.940740052,78,0.11394335230683679
"4,4,4-Trifluorobutan-1-ol",CF3(CH2)2CH2OH,,0.5,0.0147843942505133,-0.3010299956639812,Hodnebrog_2020,RoG_2020_Table_5,C(CC(F)(F)F)CO,pubchem_name,OCCCC(F)(F)F,OCCCC(F)(F)F,VKRFUGHXKNNIJO-UHFFFAOYSA-N,C4H7F3O,128.044899504,77,-1.8301964647833673
HCFC-122,CHCl2CClF2,354-21-2,59.0,0.9,1.7708520116421442,Hodnebrog_2020,RoG_2020_Table_5,C(C(F)(F)Cl)(Cl)Cl,pubchem_cas,FC(F)(Cl)C(Cl)Cl,FC(F)(Cl)C(Cl)Cl,FQAMAOOEZDRHHB-UHFFFAOYSA-N,C2HCl3F2,167.911189512,17,-0.045757490560675115
Trifluoromethyl sulfur pentafluoride,CF3SF5,373-80-8,17400.0,800.0,4.2405492482826,Hodnebrog_2020,RoG_2020_T2,FC(F)(F)S(F)(F)(F)(F)F,override_by_cas,FC(F)(F)S(F)(F)(F)(F)F,FC(F)(F)S(F)(F)(F)(F)F,QIYZKVMAFMDRTP-UHFFFAOYSA-N,CF8S,195.95929676,75,2.9030899869919438
Trifluoroiodomethane (CF3I),CF3I,2314-97-8,0.4,0.005,-0.3979400086720376,Hodnebrog_2020,RoG_2020_T2,FC(F)(F)I,override_by_cas,FC(F)(F)I,FC(F)(F)I,VPAYJEUHKVESSD-UHFFFAOYSA-N,CF3I,195.89968266,74,-2.3010299956639813
Trichloroethylene,C2HCl3,79-01-6,21.0,0.014,1.3222192947339193,Hodnebrog_2020,RoG_2020_T2,ClC=C(Cl)Cl,override_by_cas,ClC=C(Cl)Cl,ClC=C(Cl)Cl,XSTXAVWGXDQKEL-UHFFFAOYSA-N,C2HCl3,129.914383072,73,-1.853871964321762
HFC-41,CH3F,593-53-3,142.0,2.8,2.1522883443830563,Hodnebrog_2020,RoG_2020_Table_5,CF,pubchem_cas,CF,CF,NBVXSUQYWXRMNV-UHFFFAOYSA-N,CH3F,34.021878316,72,0.4471580313422192
HFE-347mcc3 (HFE-7000),CH3OCF2CF2CF3,375-03-1,605.0,5.1,2.781755374652469,Hodnebrog_2020,RoG_2020_Table_5,COC(C(C(F)(F)F)(F)F)(F)F,pubchem_cas,COC(F)(F)C(F)(F)C(F)(F)F,COC(F)(F)C(F)(F)C(F)(F)F,NOPJRYAFUXTDLX-UHFFFAOYSA-N,C4H3F7O,200.007212256,16,0.7075701760979364
HFE-347mcf2,CHF2CH2OCF2CF3,171182-95-9,1010.0,6.7,3.004321373782642,Hodnebrog_2020,RoG_2020_Table_5,C(C(F)F)OC(C(F)(F)F)(F)F,pubchem_cas,FC(F)COC(F)(F)C(F)(F)F,FC(F)COC(F)(F)C(F)(F)F,BFPGPHGEDKDBCN-UHFFFAOYSA-N,C4H3F7O,200.007212256,70,0.8260748027008264
HFE-347pcf2,CHF2CF2OCH2CF3,406-78-0,1030.0,6.1,3.012837224705172,Hodnebrog_2020,RoG_2020_Table_5,C(C(F)(F)F)OC(C(F)F)(F)F,pubchem_cas,FC(F)C(F)(F)OCC(F)(F)F,FC(F)C(F)(F)OCC(F)(F)F,CWIFAKBLLXGZIC-UHFFFAOYSA-N,C4H3F7O,200.007212256,69,0.785329835010767
HFE-347mmy1,(CF3)2CFOCH3,22052-84-2,412.0,3.7,2.6148972160331345,Hodnebrog_2020,RoG_2020_Table_5,COC(C(F)(F)F)(C(F)(F)F)F,pubchem_cas,COC(F)(C(F)(F)F)C(F)(F)F,COC(F)(C(F)(F)F)C(F)(F)F,HRXXERHTOVVTQF-UHFFFAOYSA-N,C4H3F7O,200.007212256,68,0.568201724066995
"Vinyl 2,2,2-trifluoroacetate",CF3C(O)OCH=CH2,433-28-3,0.5,0.0038329911019849,-0.3010299956639812,Hodnebrog_2020,RoG_2020_Table_5,C=COC(=O)C(F)(F)F,pubchem_cas,C=COC(=O)C(F)(F)F,C=COC(=O)C(F)(F)F,ZBGRMWIREQJHPK-UHFFFAOYSA-N,C4H3F3O2,140.008513996,67,-2.4164621889281013
HCFO-1224yd(Z),C3HClF4,111512-60-8,0.88,0.04,-0.0555173278498313,Hodnebrog_2020,RoG_2020_T2,F/C(Cl)=C\C(F)(F)F,override_by_cas,FC(Cl)=CC(F)(F)F,F/C(Cl)=C\C(F)(F)F,PNWJILFKWURCIR-UPHRSURJSA-N,C3HClF4,147.970290592,66,-1.3979400086720375
Halon-2301,CH2BrCF3,421-06-7,186.0,3.2,2.2695129442179165,Hodnebrog_2020,RoG_2020_Table_5,C(C(F)(F)F)Br,pubchem_cas,FC(F)(F)CBr,FC(F)(F)CBr,TZNJHEHAYZJBHR-UHFFFAOYSA-N,C2H2BrF3,161.929196824,65,0.505149978319906
Halon-1202,CBr2F2,75-61-6,226.0,2.5,2.3541084391474008,Hodnebrog_2020,RoG_2020_Table_5,C(F)(F)(Br)Br,pubchem_cas,FC(F)(Br)Br,FC(F)(Br)Br,AZSZCFSOHXEJQE-UHFFFAOYSA-N,CBr2F2,207.83348064,15,0.3979400086720376
Trichloromethane,CHCl3,67-66-3,22.0,0.5,1.3424226808222062,Hodnebrog_2020,RoG_2020_Table_3,ClC(Cl)Cl,override_by_cas,ClC(Cl)Cl,ClC(Cl)Cl,HEDRZPFGACZZDS-UHFFFAOYSA-N,CHCl3,117.914383072,64,-0.3010299956639812
Dichloromethane,CH2Cl2,75-09-2,12.0,0.5,1.0791812460476249,Hodnebrog_2020,RoG_2020_Table_3,ClCCl,override_by_cas,ClCCl,ClCCl,YMWUJEATGCHHMB-UHFFFAOYSA-N,CH2Cl2,83.953355424,63,-0.3010299956639812
Chloromethane,CH3Cl,74-87-3,6.0,0.9,0.7781512503836436,Hodnebrog_2020,RoG_2020_Table_3,CCl,override_by_cas,CCl,CCl,NEHMKBQYUWJMIP-UHFFFAOYSA-N,CH3Cl,49.992327776,62,-0.045757490560675115
Tetrachloromethane,CCl4,56-23-5,2310.0,32.0,3.3636119798921444,Hodnebrog_2020,RoG_2020_Table_3,ClC(Cl)(Cl)Cl,override_by_cas,ClC(Cl)(Cl)Cl,ClC(Cl)(Cl)Cl,VZGDMQKNWNREIO-UHFFFAOYSA-N,CCl4,151.87541072,61,1.505149978319906
"1,1,1-Trichloroethane",CH3CCl3,71-55-6,169.0,5.0,2.227886704613673,Hodnebrog_2020,RoG_2020_Table_3,CC(Cl)(Cl)Cl,override_by_cas,CC(Cl)(Cl)Cl,CC(Cl)(Cl)Cl,UOCLXMDMGBRAIB-UHFFFAOYSA-N,C2H3Cl3,131.930033136,60,0.6989700043360189
HFC-43-10mee,CF3CHFCHFCF2CF3,138495-42-8,1680.0,17.0,3.225309281725863,Hodnebrog_2020,RoG_2020_Table_3,C(C(C(F)(F)F)F)(C(C(F)(F)F)(F)F)F,pubchem_cas,FC(C(F)C(F)(F)C(F)(F)F)C(F)(F)F,FC(C(F)C(F)(F)C(F)(F)F)C(F)(F)F,RIQRGMUSBYGDBL-UHFFFAOYSA-N,C5H2F10,251.999682264,59,1.2304489213782739
"3,3,3-Trifluoropropanal",CF3CH2CHO,460-40-2,0.5,0.0082135523613963,-0.3010299956639812,Hodnebrog_2020,RoG_2020_Table_5,C(C=O)C(F)(F)F,pubchem_cas,O=CCC(F)(F)F,O=CCC(F)(F)F,UTMIEQASUFFADK-UHFFFAOYSA-N,C3H3F3O,112.013599376,58,-2.085468969886672
"1,1,2,2-Tetrafluoro-3-methoxypropane",CHF2CF2CH2OCH3,60598-17-6,2.0,0.0711841204654346,0.3010299956639812,Hodnebrog_2020,RoG_2020_Table_5,COCC(C(F)F)(F)F,pubchem_cas,COCC(F)(F)C(F)F,COCC(F)(F)C(F)F,CTXZHYNQHNBVKL-UHFFFAOYSA-N,C4H6F4O,146.035477692,56,-1.1476168766355166
"2,2,3,4,4,4-Hexafluorobutan-1-ol",CF3CHFCF2CH2OH,382-31-0,32.0,0.4,1.505149978319906,Hodnebrog_2020,RoG_2020_Table_5,C(C(C(C(F)(F)F)F)(F)F)O,pubchem_cas,OCC(F)(F)C(F)C(F)(F)F,OCC(F)(F)C(F)C(F)(F)F,LVFXLZRISXUAIL-UHFFFAOYSA-N,C4H4F6O,182.016634068,55,-0.3979400086720376
"2,2,3,3-Tetrafluoropropan-1-ol",CHF2CF2CH2OH,76-37-9,15.0,0.2546201232032854,1.1760912590556811,Hodnebrog_2020,RoG_2020_Table_5,C(C(C(F)F)(F)F)O,pubchem_cas,OCC(F)(F)C(F)F,OCC(F)(F)C(F)F,NBUKAOOFKZFCGD-UHFFFAOYSA-N,C3H4F4O,132.019827628,54,-0.5941072760523992
"1,1,1,2,2,3,3-Heptafluoro-3-(1,2,2,2-tetrafluoroethoxy)propane",CF3CF2CF2OCHFCF3,3330-15-2,7000.0,59.4,3.845098040014257,Hodnebrog_2020,RoG_2020_Table_5,C(C(F)(F)F)(OC(C(C(F)(F)F)(F)F)(F)F)F,pubchem_cas,FC(OC(F)(F)C(F)(F)C(F)(F)F)C(F)(F)F,FC(OC(F)(F)C(F)(F)C(F)(F)F)C(F)(F)F,CUTPKDUMZWIJKT-UHFFFAOYSA-N,C5HF11O,285.98517507200006,53,1.7737864449811935
Sevoflurane (HFE-347mmz1),(CF3)2CHOCH2F,28523-86-6,205.0,1.9,2.311753861055754,Hodnebrog_2020,RoG_2020_Table_5,C(OC(C(F)(F)F)C(F)(F)F)F,pubchem_cas,FCOC(C(F)(F)F)C(F)(F)F,FCOC(C(F)(F)F)C(F)(F)F,DFEYYRMXOJXZRJ-UHFFFAOYSA-N,C4H3F7O,200.007212256,50,0.2787536009528289
HFE-338mcf2,CF3CH2OCF2CF3,156053-88-2,1090.0,7.5,3.037426497940624,Hodnebrog_2020,RoG_2020_Table_5,C(C(F)(F)F)OC(C(F)(F)F)(F)F,pubchem_cas,FC(F)(F)COC(F)(F)C(F)(F)F,FC(F)(F)COC(F)(F)C(F)(F)F,ZOMISZRVOJQGOT-UHFFFAOYSA-N,C4H2F8O,217.997790444,49,0.8750612633917001
Halon-1301,CBrF3,75-63-8,7600.0,72.0,3.880813592280792,Hodnebrog_2020,RoG_2020_Table_3,FC(F)(F)Br,override_by_cas,FC(F)(F)Br,FC(F)(F)Br,RJCQBQGAPKAMLL-UHFFFAOYSA-N,CBrF3,147.91354676,15,1.8573324964312685
Halon-2402,CBrF2CBrF2,124-73-2,2280.0,28.0,3.357934847000454,Hodnebrog_2020,RoG_2020_Table_3,FC(F)(Br)C(F)(F)Br,override_by_cas,FC(F)(Br)C(F)(F)Br,FC(F)(Br)C(F)(F)Br,KVBKAPANDHPRDG-UHFFFAOYSA-N,C2Br2F4,257.83028708,48,1.4471580313422192
PFC-71-18,n‐C8F18,307-34-6,8760.0,300.0,3.942504106168081,Hodnebrog_2020,RoG_2020_Table_3,C(C(C(C(C(F)(F)F)(F)F)(F)F)(F)F)(C(C(C(F)(F)F)(F)F)(F)F)(F)F,pubchem_cas,FC(F)(F)C(F)(F)C(F)(F)C(F)(F)C(F)(F)C(F)(F)C(F)(F)C(F)(F)F,FC(F)(F)C(F)(F)C(F)(F)C(F)(F)C(F)(F)C(F)(F)C(F)(F)C(F)(F)F,YVBBRRALBYAZBM-UHFFFAOYSA-N,C8F18,437.97125796,0,2.4771212547196626
"2-Chloro-1,1,2-trifluoro-1-methoxyethane",CH3OCF2CHClF,,142.0,1.4,2.1522883443830563,Hodnebrog_2020,RoG_2020_Table_5,COC(C(F)Cl)(F)F,pubchem_name,COC(F)(F)C(F)Cl,COC(F)(F)C(F)Cl,KKXBMWAROXAWSZ-UHFFFAOYSA-N,C3H4ClF3O,147.990277088,46,0.146128035678238
"Ethyl 2,2,2-trifluoroacetate",CF3C(O)OCH2CH3,383-63-1,2.0,0.0602327173169062,0.3010299956639812,Hodnebrog_2020,RoG_2020_Table_5,CCOC(=O)C(F)(F)F,pubchem_cas,CCOC(=O)C(F)(F)F,CCOC(=O)C(F)(F)F,STSCVKRWJPWALQ-UHFFFAOYSA-N,C4H5F3O2,142.02416406,45,-1.2201675437841284
Nitrous oxide,N2O,10024-97-2,273.0,109.0,2.436162647040756,IPCC_AR6,anchor_curated_v1,[N-]=[N+]=O,override_by_cas,[N-]=[N+]=O,[N-]=[N+]=O,GQPLMRYTRLFLPF-UHFFFAOYSA-N,N2O,44.00106262,44,2.037426497940624
"3,3,4,4,5,5,6,6, 6-nonafluorohex-1-ene",n-C4F9CH=CH2,,0.204,0.025,-0.6903698325741012,IPCC_AR6,Table_7.SM.7_p18,C=CCC(F)(F)C(F)(F)C(F)(F)C(F)(F)F,rescue_v2,C=CCC(F)(F)C(F)(F)C(F)(F)C(F)(F)F,C=CCC(F)(F)C(F)(F)C(F)(F)C(F)(F)F,TWLUKCCXOGLBOR-UHFFFAOYSA-N,C7H5F9,260.02475414,7,-1.6020599913279623
Z-R316c,ciscyc(-CClFCF2CF2CClF-),,566.0,114.0,2.7528164311882715,IPCC_AR6,Table_7.SM.7_p16,FC1(C(F)(F)C(F)(F)/C1(F)Cl)Cl,rescue_v2,FC1(F)C(F)(F)C(F)(Cl)C1(F)Cl,FC1(F)C(F)(F)C(F)(Cl)C1(F)Cl,LMHAGAHDHRQIMB-UHFFFAOYSA-N,C4Cl2F6,231.92812468,9,2.0569048513364727
Octamethylcyclo-tetrasiloxane,C8H24O4Si4,,0.739,0.027,-0.1313555616051742,IPCC_AR6,Table_7.SM.7_p27,C[Si]1(C)O[Si](C)(C)O[Si](C)(C)O[Si](C)(C)O1,rescue_v2,C[Si]1(C)O[Si](C)(C)O[Si](C)(C)O[Si](C)(C)O1,C[Si]1(C)O[Si](C)(C)O[Si](C)(C)O[Si](C)(C)O1,HMMGMWAXVFQUOA-UHFFFAOYSA-N,C8H24O4Si4,296.07516536799994,2,-1.5686362358410126
Hexamethyl-cyclotrisiloxane,C6H18O3Si3,,1.15,0.038,0.0606978403536116,IPCC_AR6,Table_7.SM.7_p27,C[Si]1(C)O[Si](C)(C)O[Si](C)(C)O1,rescue_v2,C[Si]1(C)O[Si](C)(C)O[Si](C)(C)O1,C[Si]1(C)O[Si](C)(C)O[Si](C)(C)O1,HTDJPCNNEPUOOQ-UHFFFAOYSA-N,C6H18O3Si3,222.056374026,2,-1.4202164033831899
Decamethylcyclo-pentasiloxane,C10H30O5Si5,,0.289,0.016,-0.5391021572434522,IPCC_AR6,Table_7.SM.7_p27,C[Si]1(C)O[Si](C)(C)O[Si](C)(C)O[Si](C)(C)O[Si](C)(C)O1,rescue_v2,C[Si]1(C)O[Si](C)(C)O[Si](C)(C)O[Si](C)(C)O[Si](C)(C)O1,C[Si]1(C)O[Si](C)(C)O[Si](C)(C)O[Si](C)(C)O[Si](C)(C)O1,XMSXQFUHVRWGNA-UHFFFAOYSA-N,C10H30O5Si5,370.09395670999993,2,-1.7958800173440752
Dodecamethyl-cyclohexasiloxane,C12H36O6Si6,,0.142,0.011,-0.8477116556169435,IPCC_AR6,Table_7.SM.7_p27,C[Si]1(C)O[Si](C)(C)O[Si](C)(C)O[Si](C)(C)O[Si](C)(C)O[Si](C)(C)O1,rescue_v2,C[Si]1(C)O[Si](C)(C)O[Si](C)(C)O[Si](C)(C)O[Si](C)(C)O[Si](C)(C)O1,C[Si]1(C)O[Si](C)(C)O[Si](C)(C)O[Si](C)(C)O[Si](C)(C)O[Si](C)(C)O1,IUMSDRXLFWAGNT-UHFFFAOYSA-N,C12H36O6Si6,444.1127480519999,2,-1.958607314841775
"1,1,1,2,2,4,5,5, 5-nonafluoro-4-(trifluoromethyl) pentan-3-one",CF3CF2COCF(CF3)2,,0.114,0.019,-0.9430951486635274,IPCC_AR6,Table_7.SM.7_p26,FC(F)(F)C(F)(F)C(=O)C(C(F)(F)F)(C(F)(F)F)F,rescue_v2,O=C(C(F)(F)C(F)(F)F)C(F)(C(F)(F)F)C(F)(F)F,O=C(C(F)(F)C(F)(F)F)C(F)(C(F)(F)F)C(F)(F)F,RMLFHPWPTXWZNJ-UHFFFAOYSA-N,C6F12O,315.97575326000003,43,-1.7212463990471711
2-methylpentan-3-one,CH3CH2COCH(CH3)2,,0.2,0.015,-0.6989700043360187,IPCC_AR6,Table_7.SM.7_p26,CCC(=O)C(C)C,pubchem_name,CCC(=O)C(C)C,CCC(=O)C(C)C,HYTRYEXINDDXJK-UHFFFAOYSA-N,C6H12O,100.088815004,42,-1.8239087409443189
Methane (fossil),CH4,74-82-8,29.8,11.8,1.4742162640762553,IPCC_AR6,anchor_curated_v1,C,override_by_cas,C,C,VNWKTOKETHGBQD-UHFFFAOYSA-N,CH4,16.031300127999998,41,1.0718820073061255
HCFO-1233zd(E),(E)-CF3CH=CHCl,,3.88,0.116,0.5888317255942073,IPCC_AR6,Table_7.SM.7_p17,C(=C/Cl)\C(F)(F)F,pubchem_name,FC(F)(F)C=CCl,FC(F)(F)/C=C/Cl,LDTMPQQAWUMPKS-OWOJBTEDSA-N,C3H2ClF3,129.979712404,14,-0.9355420107730815
Ethyl methyl ether,CH3CH2OCH3,,0.01,0.005,-2.0,IPCC_AR6,Table_7.SM.7_p26,CCOC,pubchem_name,CCOC,CCOC,XOBKSJJDNFUZPF-UHFFFAOYSA-N,C3H8O,60.057514876,40,-2.3010299956639813
Carbon dioxide,CO2,124-38-9,1.0,,0.0,IPCC_AR6,Table_7.SM.7_p16,O=C=O,override_by_cas,O=C=O,O=C=O,CURLTUGMZLYLDI-UHFFFAOYSA-N,CO2,43.98982924,37,
PFC-91-18,C10F18,,748.0,200.0,2.873901597864461,IPCC_AR6,Table_7.SM.7_p21,FC(F)(F)C1(F)C(F)(F)C(F)(F)C2(F)C(F)(F)C(F)(F)C(F)(F)C(F)(F)C12F,rescue_v2,FC(F)(F)C1(F)C(F)(F)C(F)(F)C2(F)C(F)(F)C(F)(F)C(F)(F)C(F)(F)C12F,FC(F)(F)C1(F)C(F)(F)C(F)(F)C2(F)C(F)(F)C(F)(F)C(F)(F)C(F)(F)C12F,YAEVKGZKHMJQFN-UHFFFAOYSA-N,C10F18,461.97125796,36,2.3010299956639813
Octafluoro-oxolane,c-C4F8O,,139.0,300.0,2.143014800254095,IPCC_AR6,Table_7.SM.7_p27,O1C(F)(F)C(F)(F)C(F)(F)C1(F)F,rescue_v2,FC1(F)OC(F)(F)C(F)(F)C1(F)F,FC1(F)OC(F)(F)C(F)(F)C1(F)F,UEOZRAZSBQVQKG-UHFFFAOYSA-N,C4F8O,215.98214038,35,2.4771212547196626
"3,3,4,4,5,5,6,6,7, 7,8,8,8-trideca-fluorooct-1-ene",n-C6F13CH=CH2,,0.162,0.025,-0.790484985457369,IPCC_AR6,Table_7.SM.7_p19,C=CCC(F)(F)C(F)(F)C(F)(F)C(F)(F)C(F)(F)C(F)(F)F,rescue_v2,C=CCC(F)(F)C(F)(F)C(F)(F)C(F)(F)C(F)(F)C(F)(F)F,C=CCC(F)(F)C(F)(F)C(F)(F)C(F)(F)C(F)(F)C(F)(F)F,DSASLUGILQLHMS-UHFFFAOYSA-N,C9H5F13,360.01836702,7,-1.6020599913279623
HFO-1438ezy(E),(E)-(CF3)2CFCH=CHF,,8.22,0.334,0.9148718175400504,IPCC_AR6,Table_7.SM.7_p19,FC(F)(F)C(/C=C/F)C(F)(F)F,rescue_v2,FC=CC(C(F)(F)F)C(F)(F)F,F/C=C/C(C(F)(F)F)C(F)(F)F,FHKSBNVLMZMYCI-OWOJBTEDSA-N,C5H3F7,196.012297636,33,-0.4762535331884355
Hexamethyl-disiloxane,C6H18OSi2,,0.476,0.025,-0.3223930472795068,IPCC_AR6,Table_7.SM.7_p27,C[Si](C)(C)O[Si](C)(C)C,pubchem_name,C[Si](C)(C)O[Si](C)(C)C,C[Si](C)(C)O[Si](C)(C)C,UQEAIHBTYFGYIE-UHFFFAOYSA-N,C6H18OSi2,162.089618256,32,-1.6020599913279623
Butane,n-C4H10,,0.006,0.019,-2.221848749616356,IPCC_AR6,Table_7.SM.7_p27,CCCC,pubchem_name,CCCC,CCCC,IJDNQMDRQITEOD-UHFFFAOYSA-N,C4H10,58.07825032,31,-1.7212463990471711
Ethane,C2H6,,0.437,0.159,-0.3595185630295782,IPCC_AR6,Table_7.SM.7_p27,CC,pubchem_name,CC,CC,OTMSDBZUPAUEDD-UHFFFAOYSA-N,C2H6,30.046950192,29,-0.7986028756795485
"(4s,5s)-1,1,2,2,3, 3,4,5-octafluoro-cyclopentane",trans-cyc(-CF2CF2CF2CHFCHF-),,258.0,3.2,2.41161970596323,IPCC_AR6,Table_7.SM.7_p19,FC1C(F)C(F)(F)C(F)(F)C1(F)F,rescue_v2,FC1C(F)C(F)(F)C(F)(F)C1(F)F,FC1C(F)C(F)(F)C(F)(F)C1(F)F,QVEJLBREDQLBKB-UHFFFAOYSA-N,C5H2F8,214.002875824,13,0.505149978319906
"3,3,4,4,5,5,6,6,7, 7,8,8,9,9,10,10, 10-heptadeca-fluorodec-1-ene",n-C8F17CH=CH2,,0.141,0.025,-0.8507808873446201,IPCC_AR6,Table_7.SM.7_p19,C=CCC(F)(F)C(F)(F)C(F)(F)C(F)(F)C(F)(F)C(F)(F)C(F)(F)C(F)(F)F,rescue_v2,C=CCC(F)(F)C(F)(F)C(F)(F)C(F)(F)C(F)(F)C(F)(F)C(F)(F)C(F)(F)F,C=CCC(F)(F)C(F)(F)C(F)(F)C(F)(F)C(F)(F)C(F)(F)C(F)(F)C(F)(F)F,IGZCYJHKCGTUQB-UHFFFAOYSA-N,C11H5F17,460.0119799,7,-1.6020599913279623
PFC-c216,C3F6,931-91-9,9200.0,3000.0,3.963787827345555,WMO_2022,Annex_A1,C1(C(C1(F)F)(F)F)(F)F,pubchem_cas,FC1(F)C(F)(F)C1(F)F,FC1(F)C(F)(F)C1(F)F,GQUXQQYWQKRCPL-UHFFFAOYSA-N,C3F6,149.99041932,12,3.4771212547196626
HFO-1438mzz(E),C5H2F8,888509-71-1,0.42,0.025,-0.3767507096020995,Tokuhashi_2018,JPCA_122_1_157,FC(F)(F)/C(=C/C(F)(F)F)C(F)(F)F,rescue_v2,FC(F)(F)C=C(C(F)(F)F)C(F)(F)F,FC(F)(F)C=C(C(F)(F)F)C(F)(F)F,ZBKIRWGFFLBFDX-UHFFFAOYSA-N,C5HF9,231.993454012,28,-1.6020599913279623
Octafluorocyclopentene,cyc(‐CF2CF2CFCF2CF2‐),559-40-0,82.0,1.1,1.9138138523837167,Hodnebrog_2020,RoG_2020_Table_5,C1(=C(C(C(C1(F)F)(F)F)(F)F)F)F,pubchem_cas,FC1=C(F)C(F)(F)C(F)(F)C1(F)F,FC1=C(F)C(F)(F)C(F)(F)C1(F)F,YBMDPYAEZDJWNY-UHFFFAOYSA-N,C5F8,211.98722576,26,0.04139268515822508
"Hexafluorobuta-1,3-diene",CF2=CFCF=CF2,685-63-2,0.5,0.0030116358658453,-0.3010299956639812,Hodnebrog_2020,RoG_2020_Table_5,C(=C(F)F)(C(=C(F)F)F)F,pubchem_cas,FC(F)=C(F)C(F)=C(F)F,FC(F)=C(F)C(F)=C(F)F,LGPPATCNSOSOQH-UHFFFAOYSA-N,C4F6,161.99041932,204,-2.521197539448111
HFC-365mfc,CH3CF2CH2CF3,406-58-6,959.0,8.9,2.981818607170664,Hodnebrog_2020,RoG_2020_Table_3,CC(CC(F)(F)F)(F)F,pubchem_cas,CC(F)(F)CC(F)(F)F,CC(F)(F)CC(F)(F)F,WZLFPVPRZGTCKP-UHFFFAOYSA-N,C4H5F5,148.03114126,203,0.9493900066449128
Hexafluorocyclobutene,cyc(‐CF=CFCF2CF2‐),697-11-0,132.0,1.0,2.12057393120585,Hodnebrog_2020,RoG_2020_Table_5,C1(=C(C(C1(F)F)(F)F)F)F,pubchem_cas,FC1=C(F)C(F)(F)C1(F)F,FC1=C(F)C(F)(F)C1(F)F,QVHWOZCZUNPZPW-UHFFFAOYSA-N,C4F6,161.99041932,26,0.0
Nitrogen trifluoride,NF3,7783-54-2,18500.0,569.0,4.267171728403014,Hodnebrog_2020,RoG_2020_Table_3,FN(F)F,override_by_cas,FN(F)F,FN(F)F,GVGCUCJTUSOZKP-UHFFFAOYSA-N,F3N,70.99828366,199,2.7551122663950713
Sulfur hexafluoride,SF6,2551-62-4,26700.0,320.0,4.426511261364575,Hodnebrog_2020,RoG_2020_Table_3,FS(F)(F)(F)(F)F,override_by_cas,FS(F)(F)(F)(F)F,FS(F)(F)(F)(F)F,SFZCNBIFKDRMGX-UHFFFAOYSA-N,F6S,145.96249032,198,2.505149978319906
Sulfuryl fluoride,SO2F2,2699-79-8,4880.0,36.0,3.6884198220027113,Hodnebrog_2020,RoG_2020_Table_3,FS(F)(=O)=O,override_by_cas,O=S(=O)(F)F,O=S(=O)(F)F,OBTWBSRJZRCYQV-UHFFFAOYSA-N,F2O2S,101.95870668,197,1.5563025007672873
"1,1,2,2,3,3-hexafluorocyclopentane",cyc(‐CF2CF2CF2CH2CH2‐),123768-18-3,126.0,1.6,2.100370545117563,Hodnebrog_2020,RoG_2020_Table_5,C1CC(C(C1(F)F)(F)F)(F)F,pubchem_cas,FC1(F)CCC(F)(F)C1(F)F,FC1(F)CCC(F)(F)C1(F)F,MITPAYPSRYWXNR-UHFFFAOYSA-N,C5H4F6,178.021719448,168,0.2041199826559248
Methyl iodide,CH3I,74-88-4,5.0,0.02,0.6989700043360189,Hodnebrog_2020,RoG_2020_T2,CI,override_by_cas,CI,CI,INQOMBQAUSQDDS-UHFFFAOYSA-N,CH3I,141.927948096,107,-1.6989700043360187
HFC-272ca,C3H6F2,420-45-1,144.0,1.4,2.1583624920952498,Hodnebrog_2020,RoG_2020_T2,CC(C)(F)F,pubchem_cas,CC(C)(F)F,CC(C)(F)F,YZXSQDNPKVBDOG-UHFFFAOYSA-N,C3H6F2,80.043756632,21,0.146128035678238
"3,3,4,4,5,5,6,6,7,7,7-Undecafluoroheptan-1-ol",CF3(CF2)4CH2CH2OH,,0.5,0.0465434633812457,-0.3010299956639812,Hodnebrog_2020,RoG_2020_Table_5,C(CO)C(C(C(C(C(F)(F)F)(F)F)(F)F)(F)F)(F)F,pubchem_name,OCCC(F)(F)C(F)(F)C(F)(F)C(F)(F)C(F)(F)F,OCCC(F)(F)C(F)(F)C(F)(F)C(F)(F)C(F)(F)F,NPOAVCPGPRUNOX-UHFFFAOYSA-N,C7H5F11O,314.01647520000006,10,-1.3321413032280607
"2,2,3,3,4,4,5,5-Octafluorocyclopentanol",cyc(−(CF2)4CH(OH)‐),,14.0,0.3,1.146128035678238,Hodnebrog_2020,RoG_2020_Table_5,C1(C(C(C(C1(F)F)(F)F)(F)F)(F)F)O,pubchem_name,OC1C(F)(F)C(F)(F)C(F)(F)C1(F)F,OC1C(F)(F)C(F)(F)C(F)(F)C1(F)F,SAPVKPVRTJLBTP-UHFFFAOYSA-N,C5H2F8O,229.997790444,71,-0.5228787452803376
"3,3,4,4,5,5,6,6,7,7,8,8,9,9,10,10,11,11,11-Nonadecafluoroundecan-1-ol",CF3(CF2)8CH2CH2OH,,0.5,0.0465434633812457,-0.3010299956639812,Hodnebrog_2020,RoG_2020_Table_5,C(CO)C(C(C(C(C(C(C(C(C(F)(F)F)(F)F)(F)F)(F)F)(F)F)(F)F)(F)F)(F)F)(F)F,pubchem_name,OCCC(F)(F)C(F)(F)C(F)(F)C(F)(F)C(F)(F)C(F)(F)C(F)(F)C(F)(F)C(F)(F)F,OCCC(F)(F)C(F)(F)C(F)(F)C(F)(F)C(F)(F)C(F)(F)C(F)(F)C(F)(F)C(F)(F)F,HHWOBBVYBVGMFY-UHFFFAOYSA-N,C11H5F19O,514.0037009600001,10,-1.3321413032280607
"3,3,4,4,5,5,6,6,7,7,8,8,9,9,9-Pentadecafluorononan-1-ol",CF3(CF2)6CH2CH2OH,,0.5,0.0465434633812457,-0.3010299956639812,Hodnebrog_2020,RoG_2020_Table_5,C(CO)C(C(C(C(C(C(C(F)(F)F)(F)F)(F)F)(F)F)(F)F)(F)F)(F)F,pubchem_name,OCCC(F)(F)C(F)(F)C(F)(F)C(F)(F)C(F)(F)C(F)(F)C(F)(F)F,OCCC(F)(F)C(F)(F)C(F)(F)C(F)(F)C(F)(F)C(F)(F)C(F)(F)F,WOBDSRMWHWAQFO-UHFFFAOYSA-N,C9H5F15O,414.01008808000006,10,-1.3321413032280607
Decamethyl-tetrasiloxane,C10H30O3Si4,,0.176,0.014,-0.7544873321858502,IPCC_AR6,Table_7.SM.7_p27,C[Si](C)(C)O[Si](C)(C)O[Si](C)(C)O[Si](C)(C)C,rescue_v2,C[Si](C)(C)O[Si](C)(C)O[Si](C)(C)O[Si](C)(C)C,C[Si](C)(C)O[Si](C)(C)O[Si](C)(C)O[Si](C)(C)C,YFCGDEUVHLPRCZ-UHFFFAOYSA-N,C10H30O3Si4,310.12720094,8,-1.853871964321762
Octamethyltri-siloxane,C8H24O2Si3,,0.325,0.019,-0.4881166390211256,IPCC_AR6,Table_7.SM.7_p27,C[Si](C)(C)O[Si](C)(C)O[Si](C)(C)C,rescue_v2,C[Si](C)(C)O[Si](C)(C)O[Si](C)(C)C,C[Si](C)(C)O[Si](C)(C)O[Si](C)(C)C,CXQXSVUQTKDNFP-UHFFFAOYSA-N,C8H24O2Si3,236.108409598,8,-1.7212463990471711
Dodecamethyl-pentasiloxane,C12H36O4Si5,,0.122,0.011,-0.9136401693252518,IPCC_AR6,Table_7.SM.7_p27,C[Si](C)(C)O[Si](C)(C)O[Si](C)(C)O[Si](C)(C)O[Si](C)(C)C,rescue_v2,C[Si](C)(C)O[Si](C)(C)O[Si](C)(C)O[Si](C)(C)O[Si](C)(C)C,C[Si](C)(C)O[Si](C)(C)O[Si](C)(C)O[Si](C)(C)O[Si](C)(C)C,FBZANXDWQAVSTQ-UHFFFAOYSA-N,C12H36O4Si5,384.145992282,8,-1.958607314841775
(z)-hex-2-en-1-ol,CH3CH2CH2CH=CHCH2OH,,0.003,0.0,-2.5228787452803374,IPCC_AR6,Table_7.SM.7_p27,CCC/C=C\CO,pubchem_name,CCCC=CCO,CCC/C=C\CO,ZCHHRLHTBGRGOT-PLNGDYQASA-N,C6H12O,100.088815004,39,-6.0
HFE-7500,n-C3F7CFOC2H5CF(CF3)2,,13.0,0.3,1.1139433523068367,IPCC_AR6,Table_7.SM.7_p24,CCOC(C(C(F)(F)F)(C(F)(F)F)F)(C(C(C(F)(F)F)(F)F)(F)F)F,pubchem_name,CCOC(F)(C(F)(F)C(F)(F)C(F)(F)F)C(F)(C(F)(F)F)C(F)(F)F,CCOC(F)(C(F)(F)C(F)(F)C(F)(F)F)C(F)(C(F)(F)F)C(F)(F)F,HHBBIOLEJRWIGU-UHFFFAOYSA-N,C9H5F15O,414.01008808000006,38,-0.5228787452803376
HFE-7300,(CF3)2CFCFOC2H5CF2CF2CF3,,405.0,5.24,2.6074550232146687,IPCC_AR6,Table_7.SM.7_p24,CCOC(F)(F)C(C(F)(F)F)C(F)(F)C(F)(F)F,rescue_v2,CCOC(F)(F)C(C(F)(F)F)C(F)(F)C(F)(F)F,CCOC(F)(F)C(C(F)(F)F)C(F)(F)C(F)(F)F,YAQRDGQNQGTPLD-UHFFFAOYSA-N,C7H6F10O,296.02589701200003,34,0.7193312869837266
